"Marker","Title","Post date"
"","OSL Test","2016-07-25 14:04"
"","Bald Hill Farm- Mulkey Creek","2015-08-25 11:02"
"","Stream Flow Data Form","2016-06-14 18:59"
"","Pebble Count","2016-06-14 08:46"
"","Pebbel Count","2016-06-14 08:42"
"","pebel count","2016-06-14 08:39"
"","Jeffery's Creek","2016-06-10 07:52"
"","Council Tree","2016-06-13 12:23"
"","Council Tree","2016-06-13 08:06"
"","Maxfield Creek 4-5","2016-06-06 17:15"
"","No Name Creek Newport","2016-05-26 13:20"
"","Seagrass Bed- HMSC","2016-03-30 13:34"
"","OC Brown Park - North Fork Deer Creek","2016-04-28 13:39"
"","Thompson's Mills State Heritage Site","2016-04-25 15:18"
"","West Olalla Creek","2016-04-17 11:43"
"","Mulkey Creek","2016-03-17 16:16"
"","Yellow Jacket Creek at Cispus River","2016-03-07 10:07"
"","Siuslaw Middle School (Teachers Workshop)","2016-02-18 22:17"
"","Zigzag River","2016-01-27 12:02"
"","Viking Creek SHS","2016-01-22 14:47"
"","Munsel Creek 18th St.","2016-01-22 14:42"
"","Viking Creek 9th St.","2016-01-22 14:17"
"","Talking Water Gardens","2015-12-16 12:14"
"","Rowdy Creek Above Culvert","2015-11-06 16:16"
"","Rock Creek Bridge","2015-11-06 16:18"
"","Rowdy Creek Estuary","2015-11-06 16:18"
"","Drift Creek Yacht Club","2015-11-06 16:11"
"","Schooner Creek","2015-11-06 16:01"
"","Drift Creek Elks Lodge","2015-11-06 16:00"
"","Crowley Creek","2015-11-06 15:59"
"","Sandy HS AP Environmental Science","2015-10-27 22:07"
"","Ochoco Creek","2015-10-29 11:46"
"","Calapooia Middle School, Albany, Oregon","2015-10-20 15:22"
"","OSTA Conference Site","2015-10-13 09:40"
"","Wiley Creek State Park","2013-08-27 16:21"
"","Trout Creek","2015-10-06 12:06"
"","CEC: Brown's Ferry Park","2015-09-01 14:01"
"","Wells Creek","2015-08-25 10:54"
"","Greasy Creek","2015-08-25 10:58"
"","Marys River","2015-08-25 11:00"
"","BCSD","2015-08-22 06:23"
"","Site 2 Example Mock Forest Data","2015-06-03 12:43"
"","Site 1 Example Mock City Data","2015-06-03 11:16"
"","Peavy Arboretum","2015-06-03 09:52"
"","Confluence of Battle Ax & Opal Creeks","2015-03-17 13:46"
"","Munsel Creek Water Quality (lake Site 1)","2015-04-30 15:17"
"","Williams Creek @ Hwy 238 (above Applegate River confluence)","2015-04-20 12:33"
"","Lone Pine Creek @ Table Rock Rd","2015-04-20 09:35"
"","Shafer Creek","2015-04-06 08:04"
"","Crescent Lake Creek","2015-03-02 14:36"
"","Butte Creek: Bud Netting Park","2015-02-27 13:46"
"","Jessie M. Honeyman Memorial State Park","2015-02-27 13:31"
"","Wiley Creek","2015-02-11 12:46"
"","Horse Creek","2015-02-11 12:39"
"","South Santiam","2015-02-11 12:13"
"","Soda Creek","2015-02-11 12:30"
"","Spoon Creek Trail","2015-02-02 15:11"
"","Evergreen Elementary School Bioswale","2015-01-12 07:30"
"","SE Belmont","2009-10-20 16:52"
"","Reed Canyon","2014-12-19 13:27"
"","Whalen Island","2014-12-19 12:58"
"","Lostine River Wolfe Ranch","2014-12-09 16:31"
"","Wallowa River Wolfe Ranch","2014-12-09 16:01"
"","Munsel Creek Water Quality (Site 2)","2014-12-08 14:52"
"","Munsel Creek Water Quality (Site 3)","2014-12-08 14:48"
"","Lake Ewauna at Veteran's Park","2014-12-05 13:25"
"","REALMS Bridge Creek Site","2014-12-02 12:52"
"","Munsel Creek Water Quality (near hwy 126 Site 4)","2014-11-25 16:38"
"","Munsel Creek Water Quality (Siuslaw River Site 6)","2014-11-25 16:31"
"","Munsel Creek Water Quality (Outlet Site 5)","2014-11-25 11:54"
"","Timber Ridge Mock Data","2014-11-14 11:49"
"","Wolf Creek Assessment and Restoration","2014-11-13 16:54"
"","Evidence of the Orphan Tsunami in Beaver Creek","2014-11-13 13:42"
"","Tule Lake NWR Second pond","2014-11-07 09:46"
"","Cox Creek","2013-05-15 12:40"
"","Periwinkle Creek","2014-10-15 15:01"
"","Tule Lake NWR Observation Deck 1","2014-10-15 14:50"
"","Peterson Ditch","2014-10-15 13:41"
"","Ashbrook Naturalists","2014-10-10 10:02"
"","Coast Creek Data","2014-10-08 15:30"
"","Cascadia","2014-10-02 10:07"
"","Kimmel Park","2014-10-02 10:14"
"","Willamette River At Crystal Lake","2014-08-22 14:22"
"","Willamette river Corvallis or","2014-08-22 13:44"
"","Bear Creek - Cascade Christian High School","2014-08-16 17:33"
"","Bear Creek at North Mt. Park","2014-08-11 21:32"
"","Bear Creek at North Mt. Park","2014-08-08 12:32"
"","Willamette River, Mussel bed","2014-07-26 22:05"
"","Marys River Natural Area","2014-07-26 22:00"
"","Beaver Creek, Starker Forests","2014-07-26 21:56"
"","Big Creek Park","2014-07-21 14:25"
"","NAME training site","2014-07-15 09:12"
"","MAXFIELD CRK KVCS","2014-07-09 10:18"
"","Fall Creek - OHRC","2011-06-21 06:28"
"","No Name Creek at Eddyville Charter School","2013-04-12 13:37"
"","Dixon Creek","2014-06-16 15:41"
"","Oregon 4-H Center","2011-07-28 14:19"
"","Hesthavn Nature Center","2011-08-10 10:17"
"","Lower Yaquina River and Bay","2011-11-01 11:16"
"","OR Coast Aquarium","2012-08-28 07:08"
"","Beaver Creek SNA Site 1","2013-01-12 00:43"
"","Beaver Creek SNA Site 2","2013-05-27 10:26"
"","Mountain View Creek","2013-09-23 14:41"
"","HMSC Training Stream","2013-10-08 13:33"
"","Outer Space","2014-03-12 20:46"
"","Mary's river test site","2014-04-02 14:29"
"","Ramona Falls","2014-05-08 10:23"
"","Beaver Creek Outdoor School Experience Program","2014-05-30 07:50"
"","Agate Beach","2014-06-09 11:43"
"","Ashland Middle School Wetland","2014-06-03 16:51"
"","Gross Creek Monitoring","2014-05-27 12:42"
"","SHHS Biology Field Day","2014-05-21 20:15"
"","Toledo Elementary Forest Lab","2014-05-12 16:19"
"","WREN Camp Creek Site B","2014-05-12 18:39"
"","WREN Camp Creek Site A","2014-05-12 18:34"
"","Metolius River","2014-05-08 10:58"
"","salmon river","2014-03-01 15:15"
"","Baker School / Salem Family Literacy Program","2014-01-25 15:34"
"","Unnamed Creek in Salmon River Estuary at Westwind","2014-04-28 15:11"
"","River Restoration Association/Springbank Farm Survey","2014-04-28 10:47"
"","Mingus Park","2014-04-12 08:08"
"","Beverly Beach","2014-03-13 10:08"
"","Evergreen Riparian Stewards 2014","2014-04-22 16:44"
"","Evans Creek at Palmerton","2012-04-16 12:35"
"","Community Paddle Days","2014-04-17 20:09"
"","Salmon River at Westwind - Otis, OR","2014-04-08 16:33"
"","Ashland Pond","2014-04-06 14:48"
"","Bear Creek at Spencer Street","2014-04-01 21:50"
"","Taft Bioswale","2014-03-29 10:36"
"","Hart Mountain","2014-03-12 21:32"
"","Oneonta Gorge","2014-03-12 14:58"
"small blue","Amazon Creek @ Frank Kinney Park","2014-03-09 15:09"
"small blue","Hamilton Creek - LHS & Santiam Watershed Council","2014-03-03 14:27"
"small blue","Lebanon High School - Lebanon canal assessment","2014-02-27 21:16"
"small blue","Bear Creek above Ashland Creek confluence","2014-02-24 17:28"
"small blue","Bear Creek above Ashland Creek confluence","2014-02-24 17:26"
"small blue","D River","2014-02-19 14:07"
"small blue","Bear Creek at Coyote Trails Nature Center","2013-04-01 15:11"
"small blue","Roberts High School / Structured Learning Center (SLC)","2014-01-25 15:37"
"small blue","Camco, Inc. Restoration Project","2014-01-24 15:40"
"small blue","misc.","2014-01-24 11:43"
"small blue","Bear Creek at WWCLC","2013-11-21 14:56"
"small blue","Palmerton Park","2013-11-02 09:16"
"small blue","Schooner Creek Restoration Large Wood Placement #8","2013-10-15 13:31"
"small blue","Amazon Headwaters - Martin Street trail","2013-10-22 05:18"
"small blue","Schooner Creek #8 Pebble Counts","2013-10-16 19:59"
"small blue","Willow Creek Nature Park","2013-10-13 03:13"
"small blue","Salix Park","2013-10-13 03:04"
"small blue","Dharma Rain Zen Center Brownfield Restoration","2013-09-02 10:14"
"small blue","Little River Water Quality - Glide Middle School","2013-08-25 08:35"
"small blue","Culvert Creek","2013-08-14 11:41"
"small blue","What I have learned","2013-05-22 14:15"
"small blue","Cox Creek","2013-05-15 12:40"
"small blue","Crater Renaissance Land Lab","2013-05-14 13:03"
"small blue","Matson Creek MWS Youth Program","2012-01-13 17:57"
"small blue","Toledo Elementary Stream","2013-04-11 10:57"
"small blue","Jewell 4th graders on the Deschutes River at McKay Park","2013-03-21 12:25"
"small blue","Bear Creek Crater Land Lab","2013-03-17 20:12"
"small blue","Amazon Creek & Fox Hollow","2013-03-10 22:09"
"small blue","Paradise Creek at Willow Wind CLC","2013-02-28 12:06"
"small orange","Coho Creek Stream Project","2013-02-27 14:16"
"small blue","Pony Creek MWS Youth Program","2013-02-07 10:17"
"small blue","Talent Middle School","2013-01-24 18:17"
"small blue","Alex Delgado","2013-01-15 12:20"
"small blue","Agate Beach","2013-01-12 14:27"
"small blue","Big Creek Park","2013-01-12 14:26"
"small blue","Wagner Creek at W. Rapp Rd. Talent OR","2012-04-05 13:19"
"small blue","Larson Creek North of La Loma Drive with OHES","2013-01-09 12:26"
"small blue","Ashland Creek below Ashland Treatment Plant","2013-01-09 12:11"
"small blue","Tenino Court Site","2011-10-25 13:11"
"small blue","Owyhee River, 8 miles below Owyhee Dam","2012-08-12 19:33"
"small blue","Owyhee Reservoir, near Nyssa, Oregon","2012-08-12 18:35"
"small orange","Salmon River #2","2010-07-23 15:31"
"small blue","Lotus Isle Cove","2009-11-14 22:41"
"small blue","Conifer","2012-03-26 17:41"
"","Bear Creek Riparian Restoration Project","2012-03-15 15:30"
"small bred","Bottom Creek StreamBank Instream Wood","2012-02-23 15:41"
"small orange","Whittaker Creek Campground","2010-08-04 15:44"
"small blue","Tumalo Creek (REALMS Shevlin Park)","2009-11-28 10:20"
"small blue","vitalina","2012-01-04 19:21"
"small blue","Wagner Creek - Talent - Outdoor Discovery Program","2011-11-03 17:23"
"small blue","Deer Creek","2011-10-24 13:03"
"small blue","Joseph Prairie Creek","2010-10-11 21:16"
"small blue","Ryan Meadow Student Stewardship Projects","2010-10-05 14:15"
"small blue","Amazon Creek","2011-08-18 13:48"
"small blue","Oak Creek at 35th Street","2011-08-17 10:07"
"small blue","Oak Creek @ Cardwell Hill Culvert at Sheep Barn","2011-08-17 09:53"
"small blue","First Lake","2011-08-17 09:59"
"small blue","Oak Creek 35th Street","2011-08-17 09:56"
"small blue","Oak Creek Trailhead","2011-08-17 09:43"
"small blue","Salmon River Side Channel 2","2011-01-21 10:51"
"small blue","Clear Creek","2009-11-17 17:57"
"small red","Simpson Park","2011-06-01 12:34"
"small blue","Hoover's Dixon Creek Water Quality","2011-04-28 14:11"
"small blue","CWA  johnson creek park","2010-12-02 12:12"
"small blue","CWA  johnson creek/willamette river confluence","2010-12-29 14:13"
"small blue","CWA hogan road","2011-01-06 13:05"
"small blue","Q Street Canal","2011-01-11 13:13"
"small blue","salmon river side channel #1","2010-12-17 10:48"
"small blue","Youth International Salmon Forum 2010","2010-08-09 10:34"
"small orange","Cedar Creek","2010-11-11 16:48"
"small orange","Humbug Creek - Camp 18","2010-07-27 13:35"
"small orange","Eagle Fern Park","2010-07-23 15:32"
"small blue","CWA Johnson Creek --- 307th/Orient","2010-11-10 12:10"
"small blue","CWA Johnson Creek ----- Tolford Rd.","2010-10-12 13:58"
"small orange","McKenzie River CGHS","2010-10-25 12:34"
"small blue","Johnson Creek","2010-10-15 08:46"
"small blue","Wallowa River Tamkaliks Site","2010-10-12 15:31"
"small blue","Bear Creek","2010-10-12 15:40"
"small blue","Camp Creek","2010-10-12 15:27"
"small blue","Imnaha River","2010-10-12 15:22"
"small blue","Joseph City Park","2010-10-06 16:51"
"small blue","Enterprise Marr Pond Site","2010-10-06 16:46"
"small blue","Grande Ronde River","2010-10-05 15:30"
"small blue","Wenaha River","2010-10-05 15:34"
"small blue","Whychus Creek","2009-04-19 18:17"
"small blue","Enterprise City Park","2010-09-28 09:45"
"small blue","Blair Creek","2009-04-20 10:02"
"small orange","Bridge Creek","2010-09-22 13:33"
"small blue","Brice Creek West Trailhead","2010-09-16 22:47"
"small blue","Tryon Creek - 1","2010-08-04 09:33"
"small blue","Johnson Creek - NUHS","2009-06-09 16:11"
"small blue","Lotus Isle Cove","2009-11-12 08:27"
"small blue","Sandy River Outdoor School","2009-11-02 11:40"
"small blue","Arrah Wanna Outdoor School","2010-09-02 09:55"
"small blue","Howard Outdoor School","2010-09-02 09:32"
"small blue","Namanu Outdoor School","2010-09-02 09:58"
"small blue","Adams Outdoor School","2010-09-02 09:54"
"small blue","Student Stewardship Summit","2010-09-01 10:32"
"small orange","Riverside Campground","2010-08-05 15:09"
"small orange","Minto County Park","2010-08-04 15:49"
"small orange","Fish Creek","2010-08-04 22:31"
"small orange","Clemens Park - Alsea River","2010-08-04 15:40"
"small orange","Greenleaf Creek","2010-08-04 15:41"
"small orange","Packsaddle County Park","2010-08-04 15:47"
"small orange","Jones Creek - Wilson River","2010-07-23 15:38"
"small orange","Nestucca River - Alder Glenn","2010-07-23 15:36"
"small orange","Eagle Creek Upper","2010-07-23 15:36"
"small orange","Eagle Creek Lower","2010-07-23 15:35"
"small orange","Clackamas River - Ripplebrook","2010-07-23 15:33"
"small orange","Salmon River #1","2010-07-23 10:54"
"small blue","Salmon River/Side Channel #1","2010-05-20 10:39"
"small blue","side channel 11","2009-10-14 10:39"
"small blue","St Thomas More Salmon River #2","2009-11-12 00:22"
"small blue","Salmon River David Douglas","2009-10-05 15:23"
"small blue","REALMS Tumalo Creek Study Site","2010-04-30 14:13"
"small blue","High Lakes","2010-01-29 14:51"
