"Stream/Site name","Type","Updated"
"Wiley Creek State Park","Data: Water Quality","2016-08-01 13:43"
"Seagrass Bed- HMSC","Data: Water Quality","2016-07-13 10:27"
"Seagrass Bed- HMSC","Data: Water Quality","2016-07-13 10:27"
"Seagrass Bed- HMSC","Data: Water Quality","2016-07-13 10:27"
"Seagrass Bed- HMSC","Data: Water Quality","2016-07-13 10:26"
"Seagrass Bed- HMSC","Data: Water Quality","2016-07-13 10:26"
"Seagrass Bed- HMSC","Data: Water Quality","2016-07-13 10:25"
"Jeffery's Creek","Data: Water Quality","2016-06-14 12:53"
"Jeffery's Creek","Data: Water Quality","2016-06-14 12:53"
"Jeffery's Creek","Data: Water Quality","2016-06-14 09:39"
"Jeffery's Creek","Data: Water Quality","2016-06-14 09:39"
"Jeffery's Creek","Data: Water Quality","2016-06-14 09:38"
"Jeffery's Creek","Data: Water Quality","2016-06-14 09:33"
"Jeffery's Creek","Data: Water Quality","2016-06-14 09:27"
"Jeffery's Creek","Data: Water Quality","2016-06-14 09:26"
"Jeffery's Creek","Data: Water Quality","2016-06-14 09:25"
"Jeffery's Creek","Data: Water Quality","2016-06-14 09:25"
"Jeffery's Creek","Data: Water Quality","2016-06-14 09:25"
"Jeffery's Creek","Data: Water Quality","2016-06-14 08:44"
"Jeffery's Creek","Data: Water Quality","2016-06-14 08:34"
"Council Tree","Data: Water Quality","2016-06-13 13:14"
"Jeffery's Creek","Data: Water Quality","2016-06-13 12:49"
"Jeffery's Creek","Data: Water Quality","2016-06-13 12:47"
"Jeffery's Creek","Data: Water Quality","2016-06-13 12:26"
"Shafer Creek","Data: Water Quality","2016-06-07 09:11"
"Shafer Creek","Data: Water Quality","2016-06-07 09:09"
"Shafer Creek","Data: Water Quality","2016-06-07 09:07"
"West Olalla Creek","Data: Water Quality","2016-06-04 07:39"
"West Olalla Creek","Data: Water Quality","2016-05-26 10:17"
"West Olalla Creek","Data: Water Quality","2016-05-26 10:00"
"Cox Creek","Data: Water Quality","2016-05-25 14:57"
"Seagrass Bed- HMSC","Data: Water Quality","2016-05-25 12:20"
"Seagrass Bed- HMSC","Data: Water Quality","2016-05-25 12:12"
"Seagrass Bed- HMSC","Data: Water Quality","2016-05-25 12:09"
"Seagrass Bed- HMSC","Data: Water Quality","2016-05-25 12:08"
"Cox Creek","Data: Water Quality","2016-05-24 09:58"
"Cox Creek","Data: Water Quality","2016-05-24 09:53"
"Cox Creek","Data: Water Quality","2016-05-24 09:45"
"Cox Creek","Data: Water Quality","2016-05-24 09:33"
"Cox Creek","Data: Water Quality","2016-05-24 09:33"
"Rowdy Creek Above Culvert ","Data: Water Quality","2016-05-23 15:20"
"Crowley Creek","Data: Water Quality","2016-05-23 15:17"
"D River","Data: Water Quality","2016-05-23 15:13"
"Schooner Creek  ","Data: Water Quality","2016-05-23 15:07"
"Drift Creek Elks Lodge","Data: Water Quality","2016-05-23 15:04"
"West Olalla Creek","Data: Water Quality","2016-05-12 10:10"
"West Olalla Creek","Data: Water Quality","2016-05-04 09:21"
"West Olalla Creek","Data: Water Quality","2016-05-02 08:49"
"Viking Creek 9th St.","Data: Water Quality","2016-04-22 09:01"
"Munsel Creek 18th St.","Data: Water Quality","2016-04-22 08:59"
"Bald Hill Farm- Mulkey Creek","Data: Water Quality","2016-03-26 13:47"
"Bald Hill Farm- Mulkey Creek","Data: Water Quality","2016-03-26 13:47"
"Bald Hill Farm- Mulkey Creek","Data: Water Quality","2016-03-18 10:32"
"Bald Hill Farm- Mulkey Creek","Data: Water Quality","2016-03-18 10:28"
"Mulkey Creek","Data: Water Quality","2016-03-18 08:48"
"Bald Hill Farm- Mulkey Creek","Data: Water Quality","2016-03-16 09:53"
"Bald Hill Farm- Mulkey Creek","Data: Water Quality","2016-03-16 09:51"
"Bald Hill Farm- Mulkey Creek","Data: Water Quality","2016-03-16 09:35"
"Munsel Creek 18th St.","Data: Water Quality","2016-03-11 09:55"
"Viking Creek 9th St.","Data: Water Quality","2016-03-11 09:49"
"Zigzag River","Data: Water Quality","2016-03-03 14:59"
"Zigzag River","Data: Water Quality","2016-03-03 14:42"
"Zigzag River","Data: Water Quality","2016-03-03 14:33"
"Zigzag River","Data: Water Quality","2016-03-03 14:23"
"Viking Creek 9th St.","Data: Water Quality","2016-02-29 10:36"
"Tryon Creek - 1","Data: Water Quality","2016-02-27 12:47"
"Tryon Creek - 1","Data: Water Quality","2016-02-27 12:38"
"Tryon Creek - 1","Data: Water Quality","2016-02-27 12:38"
"Tryon Creek - 1","Data: Water Quality","2016-02-27 12:35"
"Hamilton Creek - LHS & Santiam Watershed Council","Data: Water Quality","2016-02-25 17:37"
"Hamilton Creek - LHS & Santiam Watershed Council","Data: Water Quality","2016-02-25 17:31"
"Hamilton Creek - LHS & Santiam Watershed Council","Data: Water Quality","2016-02-25 17:22"
"Zigzag River","Data: Water Quality","2016-02-25 16:58"
"Zigzag River","Data: Water Quality","2016-02-25 16:57"
"Zigzag River","Data: Water Quality","2016-02-25 16:52"
"Zigzag River","Data: Water Quality","2016-02-25 16:51"
"Siuslaw Middle School (Teachers Workshop)","Data: Water Quality","2016-02-20 12:48"
"Siuslaw Middle School (Teachers Workshop)","Data: Water Quality","2016-02-20 12:48"
"Siuslaw Middle School (Teachers Workshop)","Data: Water Quality","2016-02-20 12:48"
"Siuslaw Middle School (Teachers Workshop)","Data: Water Quality","2016-02-20 12:46"
"Siuslaw Middle School (Teachers Workshop)","Data: Water Quality","2016-02-20 12:45"
"Clear Creek","Data: Water Quality","2016-02-16 16:43"
"Eagle Creek Upper","Data: Water Quality","2016-01-26 15:16"
"Eagle Creek Upper","Data: Water Quality","2016-01-26 15:15"
"Eagle Creek Upper","Data: Water Quality","2016-01-26 15:08"
"Eagle Creek Upper","Data: Water Quality","2016-01-26 15:07"
"Viking Creek 9th St.","Data: Water Quality","2016-01-22 14:26"
"Eagle Creek Upper","Data: Water Quality","2016-01-21 16:57"
"Eagle Creek Upper","Data: Water Quality","2016-01-21 16:56"
"Eagle Creek Upper","Data: Water Quality","2016-01-21 16:55"
"Eagle Creek Upper","Data: Water Quality","2016-01-21 16:55"
"Eagle Creek Upper","Data: Water Quality","2016-01-21 16:53"
"Cedar Creek","Data: Water Quality","2016-01-21 16:41"
"Eagle Fern Park","Data: Water Quality","2016-01-21 16:35"
"Eagle Fern Park","Data: Water Quality","2016-01-21 16:33"
"Eagle Fern Park","Data: Water Quality","2016-01-21 16:31"
"Eagle Fern Park","Data: Water Quality","2016-01-21 16:24"
"Eagle Fern Park","Data: Water Quality","2016-01-21 16:23"
"Eagle Creek Upper","Data: Water Quality","2016-01-21 16:16"
"Eagle Creek Upper","Data: Water Quality","2016-01-21 16:15"
"Eagle Creek Upper","Data: Water Quality","2016-01-21 16:13"
"Salmon River #2","Data: Water Quality","2016-01-21 16:12"
"Salmon River #2","Data: Water Quality","2016-01-21 16:08"
"Salmon River #2","Data: Water Quality","2016-01-21 16:07"
"Salmon River #2","Data: Water Quality","2016-01-21 16:03"
"Salmon River #2","Data: Water Quality","2016-01-21 16:02"
"Salmon River #2","Data: Water Quality","2016-01-21 15:53"
"Salmon River #2","Data: Water Quality","2016-01-21 15:51"
"Salmon River #2","Data: Water Quality","2016-01-21 15:37"
"Salmon River #2","Data: Water Quality","2016-01-21 15:34"
"Salmon River #2","Data: Water Quality","2016-01-21 15:33"
"Salmon River #2","Data: Water Quality","2016-01-21 15:26"
"Schooner Creek  ","Data: Water Quality","2016-01-07 15:56"
"D River","Data: Water Quality","2016-01-07 15:55"
"D River","Data: Water Quality","2016-01-07 15:54"
"Drift Creek Elks Lodge","Data: Water Quality","2016-01-07 15:52"
"Crowley Creek","Data: Water Quality","2016-01-07 15:45"
"Cox Creek","Data: Water Quality","2016-01-04 16:00"
"Cox Creek","Data: Water Quality","2016-01-04 15:59"
"Cox Creek","Data: Water Quality","2016-01-04 15:58"
"Cox Creek","Data: Water Quality","2016-01-04 15:46"
"Cox Creek","Data: Water Quality","2016-01-04 15:40"
"Cox Creek","Data: Water Quality","2016-01-04 15:39"
"Cox Creek","Data: Water Quality","2016-01-04 15:39"
"Cox Creek","Data: Water Quality","2016-01-04 15:38"
"Cox Creek","Data: Water Quality","2016-01-04 15:37"
"Cox Creek","Data: Water Quality","2016-01-04 15:35"
"Cox Creek","Data: Water Quality","2016-01-04 14:51"
"Cox Creek","Data: Water Quality","2015-12-17 14:40"
"Cox Creek","Data: Water Quality","2015-12-17 14:39"
"Cox Creek","Data: Water Quality","2015-12-17 14:39"
"Cox Creek","Data: Water Quality","2015-12-17 14:38"
"Cox Creek","Data: Water Quality","2015-12-17 14:37"
"Cox Creek","Data: Water Quality","2015-12-17 14:36"
"Cox Creek","Data: Water Quality","2015-12-17 14:33"
"Cox Creek","Data: Water Quality","2015-12-17 13:15"
"Cox Creek","Data: Water Quality","2015-12-17 13:12"
"Cox Creek","Data: Water Quality","2015-12-17 13:12"
"Cox Creek","Data: Water Quality","2015-12-17 13:11"
"Cox Creek","Data: Water Quality","2015-12-17 13:10"
"Cox Creek","Data: Water Quality","2015-12-17 13:10"
"Cox Creek","Data: Water Quality","2015-12-17 13:07"
"Cox Creek","Data: Water Quality","2015-12-17 13:07"
"Cox Creek","Data: Water Quality","2015-12-17 13:07"
"Cox Creek","Data: Water Quality","2015-12-17 13:07"
"Cox Creek","Data: Water Quality","2015-12-17 13:07"
"Cox Creek","Data: Water Quality","2015-12-17 13:03"
"Cox Creek","Data: Water Quality","2015-12-17 11:28"
"Cox Creek","Data: Water Quality","2015-12-17 11:22"
"Cox Creek","Data: Water Quality","2015-12-17 11:13"
"Cox Creek","Data: Water Quality","2015-12-17 11:07"
"Cox Creek","Data: Water Quality","2015-12-17 10:28"
"Cox Creek","Data: Water Quality","2015-12-17 10:27"
"REALMS Bridge Creek Site","Data: Water Quality","2015-12-10 08:18"
"Tumalo Creek (REALMS Shevlin Park)","Data: Water Quality","2015-12-10 08:14"
"REALMS Tumalo Creek Study Site","Data: Water Quality","2015-12-03 20:20"
"REALMS Bridge Creek Site","Data: Water Quality","2015-12-03 20:16"
"REALMS Bridge Creek Site","Data: Water Quality","2015-12-03 20:11"
"REALMS Bridge Creek Site","Data: Water Quality","2015-12-03 20:07"
"Clemens Park - Alsea River","Data: Water Quality","2015-12-01 13:53"
"Clemens Park - Alsea River","Data: Water Quality","2015-12-01 13:51"
"Clemens Park - Alsea River","Data: Water Quality","2015-12-01 13:48"
"Clemens Park - Alsea River","Data: Water Quality","2015-12-01 13:46"
"Clemens Park - Alsea River","Data: Water Quality","2015-12-01 13:43"
"Clemens Park - Alsea River","Data: Water Quality","2015-12-01 13:40"
"Clemens Park - Alsea River","Data: Water Quality","2015-12-01 13:35"
"Wiley Creek State Park","Data: Water Quality","2015-11-25 11:16"
"Wiley Creek State Park","Data: Water Quality","2015-11-25 11:13"
"Wiley Creek State Park","Data: Water Quality","2015-11-25 11:12"
"Wiley Creek State Park","Data: Water Quality","2015-11-25 11:09"
"Wiley Creek State Park","Data: Water Quality","2015-11-25 10:41"
"Wiley Creek State Park","Data: Water Quality","2015-11-25 10:36"
"Wiley Creek State Park","Data: Water Quality","2015-11-25 10:31"
"Wiley Creek State Park","Data: Water Quality","2015-11-24 12:29"
"Taft Bioswale","Data: Water Quality","2015-11-06 16:25"
"Rock Creek Bridge","Data: Water Quality","2015-11-06 16:23"
"Rowdy Creek Above Culvert ","Data: Water Quality","2015-11-06 16:20"
"Rowdy Creek Estuary","Data: Water Quality","2015-11-06 16:19"
"Rowdy Creek Estuary","Data: Water Quality","2015-11-06 16:19"
"D River","Data: Water Quality","2015-11-06 16:17"
"Drift Creek Yacht Club ","Data: Water Quality","2015-11-06 16:14"
"Crowley Creek","Data: Water Quality","2015-11-06 16:13"
"Schooner Creek  ","Data: Water Quality","2015-11-06 16:10"
"D River","Data: Water Quality","2015-11-06 16:09"
"Drift Creek Elks Lodge","Data: Water Quality","2015-11-06 16:07"
"Drift Creek Elks Lodge","Data: Water Quality","2015-11-06 16:07"
"Drift Creek Elks Lodge","Data: Water Quality","2015-11-06 16:04"
"Sandy HS AP Environmental Science","Data: Water Quality","2015-11-01 11:46"
"Ochoco Creek","Data: Water Quality","2015-10-30 10:08"
"Joseph Prairie Creek","Data: Water Quality","2015-10-21 13:11"
"Joseph City Park","Data: Water Quality","2015-10-21 13:01"
"REALMS Tumalo Creek Study Site","Data: Water Quality","2015-10-21 09:34"
"REALMS Tumalo Creek Study Site","Data: Water Quality","2015-10-19 09:16"
"Bear Creek","Data: Water Quality","2015-10-11 20:50"
"Wallowa River Tamkaliks Site","Data: Water Quality","2015-10-11 20:41"
"Wiley Creek State Park","Data: Water Quality","2015-10-09 08:21"
"Wiley Creek State Park","Data: Water Quality","2015-10-09 08:21"
"Wiley Creek State Park","Data: Water Quality","2015-10-09 08:20"
"Wiley Creek State Park","Data: Water Quality","2015-10-09 08:20"
"Wiley Creek State Park","Data: Water Quality","2015-10-09 08:20"
"Wiley Creek State Park","Data: Water Quality","2015-10-09 08:19"
"Wiley Creek State Park","Data: Water Quality","2015-10-06 13:43"
"Wiley Creek State Park","Data: Water Quality","2015-10-06 13:42"
"Wiley Creek State Park","Data: Water Quality","2015-10-06 13:42"
"Wiley Creek State Park","Data: Water Quality","2015-10-06 13:41"
"Wiley Creek State Park","Data: Water Quality","2015-10-06 12:57"
"Wiley Creek State Park","Data: Water Quality","2015-10-06 12:56"
"Wiley Creek State Park","Data: Water Quality","2015-10-06 12:55"
"Wiley Creek State Park","Data: Water Quality","2015-10-06 12:54"
"Trout Creek","Data: Water Quality","2015-10-06 12:31"
"Trout Creek","Data: Water Quality","2015-10-06 12:30"
"Trout Creek","Data: Water Quality","2015-10-06 12:29"
"Trout Creek","Data: Water Quality","2015-10-06 12:27"
"Trout Creek","Data: Water Quality","2015-10-06 12:26"
"Trout Creek","Data: Water Quality","2015-10-06 12:24"
"Greasy Creek","Data: Water Quality","2015-08-26 13:57"
"Wells Creek","Data: Water Quality","2015-08-26 13:52"
"Wells Creek","Data: Water Quality","2015-08-26 13:47"
"Wells Creek","Data: Water Quality","2015-08-26 13:45"
"Mary's river test site","Data: Water Quality","2015-08-26 13:44"
"Greasy Creek","Data: Water Quality","2015-08-26 13:44"
"Wells Creek","Data: Water Quality","2015-08-26 13:43"
"Wells Creek","Data: Water Quality","2015-08-26 13:43"
"Greasy Creek","Data: Water Quality","2015-08-26 13:42"
"Mary's river test site","Data: Water Quality","2015-08-26 13:42"
"Wells Creek","Data: Water Quality","2015-08-26 13:42"
"Mary's river test site","Data: Water Quality","2015-08-26 13:40"
"Mary's river test site","Data: Water Quality","2015-08-26 13:38"
"Greasy Creek","Data: Water Quality","2015-08-26 13:38"
"Bald Hill Farm- Mulkey Creek","Data: Water Quality","2015-08-26 13:36"
"Wells Creek","Data: Water Quality","2015-08-26 13:36"
"Wells Creek","Data: Water Quality","2015-08-26 13:35"
"Site 2 Example Mock Forest Data","Data: Water Quality","2015-06-03 13:21"
"Site 2 Example Mock Forest Data","Data: Water Quality","2015-06-03 13:18"
"Site 2 Example Mock Forest Data","Data: Water Quality","2015-06-03 13:14"
"Site 2 Example Mock Forest Data","Data: Water Quality","2015-06-03 13:10"
"Site 2 Example Mock Forest Data","Data: Water Quality","2015-06-03 13:07"
"Site 2 Example Mock Forest Data","Data: Water Quality","2015-06-03 13:05"
"Site 2 Example Mock Forest Data","Data: Water Quality","2015-06-03 13:02"
"Site 2 Example Mock Forest Data","Data: Water Quality","2015-06-03 12:58"
"Site 2 Example Mock Forest Data","Data: Water Quality","2015-06-03 12:54"
"Site 2 Example Mock Forest Data","Data: Water Quality","2015-06-03 12:51"
"Site 2 Example Mock Forest Data","Data: Water Quality","2015-06-03 12:49"
"Site 2 Example Mock Forest Data","Data: Water Quality","2015-06-03 12:46"
"Site 1 Example Mock City Data","Data: Water Quality","2015-06-03 12:08"
"Site 1 Example Mock City Data","Data: Water Quality","2015-06-03 12:06"
"Site 1 Example Mock City Data","Data: Water Quality","2015-06-03 12:03"
"Site 1 Example Mock City Data","Data: Water Quality","2015-06-03 12:00"
"Site 1 Example Mock City Data","Data: Water Quality","2015-06-03 11:57"
"Site 1 Example Mock City Data","Data: Water Quality","2015-06-03 11:53"
"Site 1 Example Mock City Data","Data: Water Quality","2015-06-03 11:47"
"Site 1 Example Mock City Data","Data: Water Quality","2015-06-03 11:44"
"Site 1 Example Mock City Data","Data: Water Quality","2015-06-03 11:42"
"Site 1 Example Mock City Data","Data: Water Quality","2015-06-03 11:38"
"Site 1 Example Mock City Data","Data: Water Quality","2015-06-03 11:35"
"Site 1 Example Mock City Data","Data: Water Quality","2015-06-03 11:29"
"Peterson Ditch","Data: Water Quality","2015-06-01 13:33"
"Munsel Creek Water Quality (lake Site 1)","Data: Water Quality","2015-04-30 15:18"
"Munsel Creek Water Quality (Site 2)","Data: Water Quality","2015-04-30 15:14"
"Munsel Creek Water Quality (Site 3)","Data: Water Quality","2015-04-30 15:12"
"Munsel Creek Water Quality (near hwy 126 Site 4)","Data: Water Quality","2015-04-30 15:09"
"Munsel Creek Water Quality (Outlet Site 5)","Data: Water Quality","2015-04-30 15:07"
"Munsel Creek Water Quality (Siuslaw River Site 6)","Data: Water Quality","2015-04-30 15:04"
"Shafer Creek","Data: Water Quality","2015-04-22 09:39"
"Shafer Creek","Data: Water Quality","2015-04-22 09:36"
"Shafer Creek","Data: Water Quality","2015-04-22 09:35"
"Shafer Creek","Data: Water Quality","2015-04-22 09:34"
"Bear Creek at Spencer Street ","Data: Water Quality","2015-04-21 13:53"
"Wagner Creek at W. Rapp Rd. Talent OR","Data: Water Quality","2015-04-20 09:32"
"Peterson Ditch","Data: Water Quality","2015-04-15 13:49"
"Peterson Ditch","Data: Water Quality","2015-04-09 15:29"
"Peterson Ditch","Data: Water Quality","2015-03-19 12:58"
"Peterson Ditch","Data: Water Quality","2015-03-19 12:51"
"Peterson Ditch","Data: Water Quality","2015-03-19 12:50"
"Peterson Ditch","Data: Water Quality","2015-03-19 12:48"
"Peterson Ditch","Data: Water Quality","2015-03-19 12:47"
"Peterson Ditch","Data: Water Quality","2015-03-19 12:45"
"Peterson Ditch","Data: Water Quality","2015-03-19 12:43"
"Lake Ewauna at Veteran's Park","Data: Water Quality","2015-03-19 12:37"
"Hamilton Creek - LHS & Santiam Watershed Council","Data: Water Quality","2015-03-11 07:35"
"Hamilton Creek - LHS & Santiam Watershed Council","Data: Water Quality","2015-03-11 07:31"
"Hamilton Creek - LHS & Santiam Watershed Council","Data: Water Quality","2015-03-11 07:29"
"Hamilton Creek - LHS & Santiam Watershed Council","Data: Water Quality","2015-03-11 07:27"
"Lake Ewauna at Veteran's Park","Data: Water Quality","2015-03-02 14:43"
"Peterson Ditch","Data: Water Quality","2015-02-23 14:40"
"Clemens Park - Alsea River","Data: Water Quality","2015-02-12 10:31"
"Clemens Park - Alsea River","Data: Water Quality","2015-02-12 10:31"
"Clemens Park - Alsea River","Data: Water Quality","2015-02-12 10:30"
"Clemens Park - Alsea River","Data: Water Quality","2015-02-12 10:29"
"Clemens Park - Alsea River","Data: Water Quality","2015-02-12 10:29"
"Clemens Park - Alsea River","Data: Water Quality","2015-02-12 10:27"
"Clemens Park - Alsea River","Data: Water Quality","2015-02-12 10:27"
"Clemens Park - Alsea River","Data: Water Quality","2015-02-12 10:25"
"Clemens Park - Alsea River","Data: Water Quality","2015-02-12 10:25"
"Clemens Park - Alsea River","Data: Water Quality","2015-02-12 10:24"
"Clemens Park - Alsea River","Data: Water Quality","2015-02-12 10:23"
"Clemens Park - Alsea River","Data: Water Quality","2015-02-12 10:22"
"Clemens Park - Alsea River","Data: Water Quality","2015-02-12 10:21"
"Clemens Park - Alsea River","Data: Water Quality","2015-02-12 10:21"
"Clemens Park - Alsea River","Data: Water Quality","2015-02-12 10:20"
"Peterson Ditch","Data: Water Quality","2015-01-20 14:40"
"Wolf Creek Assessment and Restoration ","Data: Water Quality","2015-01-20 14:33"
"Wolf Creek Assessment and Restoration ","Data: Water Quality","2015-01-15 15:04"
"Whalen Island","Data: Water Quality","2014-12-19 13:07"
"Wallowa River Tamkaliks Site","Data: Water Quality","2014-12-09 16:57"
"Wallowa River Tamkaliks Site","Data: Water Quality","2014-12-09 16:57"
"Joseph Prairie Creek","Data: Water Quality","2014-12-09 16:56"
"Joseph City Park","Data: Water Quality","2014-12-09 16:56"
"Joseph City Park","Data: Water Quality","2014-12-09 16:55"
"Joseph Prairie Creek","Data: Water Quality","2014-12-09 16:55"
"Lostine River Wolfe Ranch","Data: Water Quality","2014-12-09 16:42"
"Wallowa River Wolfe Ranch","Data: Water Quality","2014-12-09 16:04"
"Enterprise City Park","Data: Water Quality","2014-12-09 12:09"
"Bear Creek","Data: Water Quality","2014-12-09 11:58"
"Munsel Creek Water Quality (Site 2)","Data: Water Quality","2014-12-08 14:55"
"Munsel Creek Water Quality (Site 3)","Data: Water Quality","2014-12-08 14:50"
"Lake Ewauna at Veteran's Park","Data: Water Quality","2014-12-05 13:32"
"Peterson Ditch","Data: Water Quality","2014-12-05 13:25"
"REALMS Tumalo Creek Study Site","Data: Water Quality","2014-12-03 14:11"
"REALMS Bridge Creek Site","Data: Water Quality","2014-12-03 14:08"
"REALMS Bridge Creek Site","Data: Water Quality","2014-12-03 13:45"
"Tumalo Creek (REALMS Shevlin Park)","Data: Water Quality","2014-12-03 13:22"
"Tumalo Creek (REALMS Shevlin Park)","Data: Water Quality","2014-12-03 10:25"
"Cox Creek","Data: Water Quality","2014-12-02 14:37"
"Periwinkle Creek","Data: Water Quality","2014-12-02 12:13"
"Periwinkle Creek","Data: Water Quality","2014-12-02 12:10"
"Periwinkle Creek","Data: Water Quality","2014-12-02 12:09"
"Periwinkle Creek","Data: Water Quality","2014-12-02 12:08"
"Periwinkle Creek","Data: Water Quality","2014-12-02 12:06"
"Periwinkle Creek","Data: Water Quality","2014-12-02 10:26"
"Clemens Park - Alsea River","Data: Water Quality","2014-11-26 11:32"
"Clemens Park - Alsea River","Data: Water Quality","2014-11-26 11:31"
"Clemens Park - Alsea River","Data: Water Quality","2014-11-26 11:28"
"Clemens Park - Alsea River","Data: Water Quality","2014-11-26 11:23"
"Clemens Park - Alsea River","Data: Water Quality","2014-11-26 11:22"
"Clemens Park - Alsea River","Data: Water Quality","2014-11-26 11:21"
"Clemens Park - Alsea River","Data: Water Quality","2014-11-26 11:20"
"Clemens Park - Alsea River","Data: Water Quality","2014-11-26 11:19"
"Clemens Park - Alsea River","Data: Water Quality","2014-11-26 11:17"
"Clemens Park - Alsea River","Data: Water Quality","2014-11-26 11:15"
"Clemens Park - Alsea River","Data: Water Quality","2014-11-26 11:13"
"Clemens Park - Alsea River","Data: Water Quality","2014-11-26 11:10"
"Clemens Park - Alsea River","Data: Water Quality","2014-11-26 11:09"
"Clemens Park - Alsea River","Data: Water Quality","2014-11-26 11:07"
"Clemens Park - Alsea River","Data: Water Quality","2014-11-26 11:07"
"Clemens Park - Alsea River","Data: Water Quality","2014-11-26 11:05"
"Munsel Creek Water Quality (near hwy 126 Site 4)","Data: Water Quality","2014-11-25 16:42"
"Munsel Creek Water Quality (Siuslaw River Site 6)","Data: Water Quality","2014-11-25 16:35"
"Munsel Creek Water Quality (Outlet Site 5)","Data: Water Quality","2014-11-25 16:28"
"Peterson Ditch","Data: Water Quality","2014-11-18 10:00"
"Kimmel Park","Data: Water Quality","2014-11-17 14:43"
"Timber Ridge Mock Data","Data: Water Quality","2014-11-17 13:22"
"Timber Ridge Mock Data","Data: Water Quality","2014-11-17 13:20"
"Timber Ridge Mock Data","Data: Water Quality","2014-11-17 13:20"
"Timber Ridge Mock Data","Data: Water Quality","2014-11-17 13:18"
"Timber Ridge Mock Data","Data: Water Quality","2014-11-17 13:14"
"Timber Ridge Mock Data","Data: Water Quality","2014-11-17 12:30"
"Timber Ridge Mock Data","Data: Water Quality","2014-11-17 12:25"
"Timber Ridge Mock Data","Data: Water Quality","2014-11-17 12:24"
"Timber Ridge Mock Data","Data: Water Quality","2014-11-17 12:24"
"Timber Ridge Mock Data","Data: Water Quality","2014-11-17 10:48"
"Timber Ridge Mock Data","Data: Water Quality","2014-11-17 10:44"
"Timber Ridge Mock Data","Data: Water Quality","2014-11-17 10:42"
"Timber Ridge Mock Data","Data: Water Quality","2014-11-17 10:42"
"Timber Ridge Mock Data","Data: Water Quality","2014-11-17 10:39"
"Peterson Ditch","Data: Water Quality","2014-11-14 15:57"
"Tule Lake NWR Observation Deck 1","Data: Water Quality","2014-11-07 16:03"
"Peterson Ditch","Data: Water Quality","2014-11-07 16:00"
"Peterson Ditch","Data: Water Quality","2014-11-07 15:58"
"Tule Lake NWR Observation Deck 1","Data: Water Quality","2014-11-07 14:43"
"Tule Lake NWR Observation Deck 1","Data: Water Quality","2014-11-07 09:50"
"Tule Lake NWR Second pond","Data: Water Quality","2014-11-07 09:48"
"Imnaha River","Data: Water Quality","2014-10-30 16:38"
"Tumalo Creek (REALMS Shevlin Park)","Data: Water Quality","2014-10-27 12:52"
"Enterprise Marr Pond Site","Data: Water Quality","2014-10-26 14:59"
"Wenaha River","Data: Water Quality","2014-10-22 12:32"
"Bear Creek","Data: Water Quality","2014-10-22 12:29"
"Grande Ronde River","Data: Water Quality","2014-10-22 11:32"
"REALMS Tumalo Creek Study Site","Data: Water Quality","2014-10-20 10:29"
"REALMS Tumalo Creek Study Site","Data: Water Quality","2014-10-20 09:00"
"Tule Lake NWR Observation Deck 1","Data: Water Quality","2014-10-15 14:52"
"Peterson Ditch","Data: Water Quality","2014-10-15 14:42"
"Peterson Ditch","Data: Water Quality","2014-10-15 14:40"
"Camp Creek","Data: Water Quality","2014-10-14 10:35"
"Coast Creek Data","Data: Water Quality","2014-10-08 15:33"
"Cascadia","Data: Water Quality","2014-10-02 11:10"
"Cascadia","Data: Water Quality","2014-10-02 11:10"
"Cascadia","Data: Water Quality","2014-10-02 11:09"
"Cascadia","Data: Water Quality","2014-10-02 11:08"
"Cascadia","Data: Water Quality","2014-10-02 11:07"
"Cascadia","Data: Water Quality","2014-10-02 11:06"
"Cascadia","Data: Water Quality","2014-10-02 11:05"
"Cascadia","Data: Water Quality","2014-10-02 11:05"
"Cascadia","Data: Water Quality","2014-10-02 11:04"
"Cascadia","Data: Water Quality","2014-10-02 11:03"
"Cascadia","Data: Water Quality","2014-10-02 11:02"
"Cascadia","Data: Water Quality","2014-10-02 11:01"
"Cascadia","Data: Water Quality","2014-10-02 11:00"
"Cascadia","Data: Water Quality","2014-10-02 10:59"
"Cascadia","Data: Water Quality","2014-10-02 10:58"
"Cascadia","Data: Water Quality","2014-10-02 10:57"
"Cascadia","Data: Water Quality","2014-10-02 10:57"
"Cascadia","Data: Water Quality","2014-10-02 10:56"
"Cascadia","Data: Water Quality","2014-10-02 10:56"
"Cascadia","Data: Water Quality","2014-10-02 10:55"
"Cascadia","Data: Water Quality","2014-10-02 10:54"
"Cascadia","Data: Water Quality","2014-10-02 10:53"
"Cascadia","Data: Water Quality","2014-10-02 10:52"
"Cascadia","Data: Water Quality","2014-10-02 10:51"
"Cascadia","Data: Water Quality","2014-10-02 10:50"
"Cascadia","Data: Water Quality","2014-10-02 10:45"
"Wiley Creek State Park","Data: Water Quality","2014-10-02 10:43"
"Wiley Creek State Park","Data: Water Quality","2014-10-02 10:41"
"Wiley Creek State Park","Data: Water Quality","2014-10-02 10:40"
"Wiley Creek State Park","Data: Water Quality","2014-10-02 10:39"
"Wiley Creek State Park","Data: Water Quality","2014-10-02 10:38"
"Wiley Creek State Park","Data: Water Quality","2014-10-02 10:37"
"Kimmel Park","Data: Water Quality","2014-10-02 10:36"
"Kimmel Park","Data: Water Quality","2014-10-02 10:34"
"Kimmel Park","Data: Water Quality","2014-10-02 10:33"
"Kimmel Park","Data: Water Quality","2014-10-02 10:33"
"Kimmel Park","Data: Water Quality","2014-10-02 10:32"
"Kimmel Park","Data: Water Quality","2014-10-02 10:30"
"Kimmel Park","Data: Water Quality","2014-10-02 10:30"
"Kimmel Park","Data: Water Quality","2014-10-02 10:29"
"Kimmel Park","Data: Water Quality","2014-10-02 10:23"
"Kimmel Park","Data: Water Quality","2014-10-02 10:21"
"Kimmel Park","Data: Water Quality","2014-10-02 10:20"
"Kimmel Park","Data: Water Quality","2014-10-02 10:19"
"Kimmel Park","Data: Water Quality","2014-10-02 10:17"
"Willamette river Corvallis or","Data: Water Quality","2014-08-22 14:02"
"Hesthavn Nature Center","Data: Water Quality","2014-08-22 09:17"
"Hesthavn Nature Center","Data: Water Quality","2014-08-14 15:36"
"Bear Creek at North Mt. Park","Data: Water Quality","2014-08-12 16:27"
"SE Belmont","Data: Water Quality","2014-07-31 11:59"
"Metolius River ","Data: Water Quality","2014-07-17 09:48"
"Metolius River ","Data: Water Quality","2014-07-17 09:40"
"NAME training site","Data: Water Quality","2014-07-15 16:30"
"NAME training site","Data: Water Quality","2014-07-15 16:30"
"MAXFIELD CRK KVCS","Data: Water Quality","2014-07-15 08:34"
"MAXFIELD CRK KVCS","Data: Water Quality","2014-07-09 10:21"
"No Name Creek at Eddyville Charter School","Data: Water Quality","2014-06-12 09:57"
"Outer Space ","Data: Water Quality","2014-06-10 11:13"
"Outer Space ","Data: Water Quality","2014-06-10 10:19"
"SE Belmont","Data: Water Quality","2014-06-09 21:26"
"Agate Beach","Data: Water Quality","2014-06-09 11:53"
"Agate Beach","Data: Water Quality","2014-06-09 11:51"
"Beaver Creek SNA Site 2","Data: Water Quality","2014-06-05 09:17"
"Beaver Creek SNA Site 2","Data: Water Quality","2014-06-05 09:14"
"Beaver Creek SNA Site 2","Data: Water Quality","2014-06-05 09:13"
"Beaver Creek SNA Site 2","Data: Water Quality","2014-06-05 09:12"
"Beaver Creek SNA Site 2","Data: Water Quality","2014-06-05 09:10"
"Beaver Creek SNA Site 2","Data: Water Quality","2014-06-05 09:09"
"Beaver Creek Outdoor School Experience Program","Data: Water Quality","2014-05-30 09:12"
"No Name Creek at Eddyville Charter School","Data: Water Quality","2014-05-29 12:24"
"No Name Creek at Eddyville Charter School","Data: Water Quality","2014-05-29 12:23"
"No Name Creek at Eddyville Charter School","Data: Water Quality","2014-05-29 12:22"
"No Name Creek at Eddyville Charter School","Data: Water Quality","2014-05-29 12:21"
"No Name Creek at Eddyville Charter School","Data: Water Quality","2014-05-29 12:18"
"No Name Creek at Eddyville Charter School","Data: Water Quality","2014-05-29 12:16"
"No Name Creek at Eddyville Charter School","Data: Water Quality","2014-05-29 12:11"
"Dharma Rain Zen Center Brownfield Restoration","Data: Water Quality","2014-05-27 18:30"
"Dharma Rain Zen Center Brownfield Restoration","Data: Water Quality","2014-05-22 14:12"
"SHHS Biology Field Day","Data: Water Quality","2014-05-21 21:41"
"SHHS Biology Field Day","Data: Water Quality","2014-05-21 21:39"
"SHHS Biology Field Day","Data: Water Quality","2014-05-21 21:33"
"SHHS Biology Field Day","Data: Water Quality","2014-05-21 21:24"
"SHHS Biology Field Day","Data: Water Quality","2014-05-21 21:12"
"SHHS Biology Field Day","Data: Water Quality","2014-05-21 21:00"
"Clear Creek","Data: Water Quality","2014-05-21 10:18"
"Beverly Beach ","Data: Water Quality","2014-05-08 10:18"
"Unnamed Creek in Salmon River Estuary at Westwind","Data: Water Quality","2014-04-29 10:15"
"River Restoration Association/Springbank Farm Survey","Data: Water Quality","2014-04-28 11:13"
"River Restoration Association/Springbank Farm Survey","Data: Water Quality","2014-04-28 11:13"
"River Restoration Association/Springbank Farm Survey","Data: Water Quality","2014-04-28 11:10"
"Evergreen Riparian Stewards 2014","Data: Water Quality","2014-04-22 16:47"
"Mary's river test site","Data: Water Quality","2014-04-22 09:31"
"Salmon River at Westwind - Otis, OR","Data: Water Quality","2014-04-22 09:20"
"Wagner Creek at W. Rapp Rd. Talent OR","Data: Water Quality","2014-04-06 18:46"
"Mary's river test site","Data: Water Quality","2014-04-02 15:24"
"Hamilton Creek - LHS & Santiam Watershed Council","Data: Water Quality","2014-03-13 15:10"
"Hamilton Creek - LHS & Santiam Watershed Council","Data: Water Quality","2014-03-13 14:37"
"Hamilton Creek - LHS & Santiam Watershed Council","Data: Water Quality","2014-03-13 14:20"
"Hamilton Creek - LHS & Santiam Watershed Council","Data: Water Quality","2014-03-13 14:02"
"Hamilton Creek - LHS & Santiam Watershed Council","Data: Water Quality","2014-03-13 14:00"
"Beverly Beach ","Data: Water Quality","2014-03-13 12:56"
"Outer Space ","Data: Water Quality","2014-03-12 20:49"
"Lebanon High School - Lebanon canal assessment","Data: Water Quality","2014-03-03 17:29"
"Lebanon High School - Lebanon canal assessment","Data: Water Quality","2014-03-03 16:21"
"Clear Creek","Data: Water Quality","2014-01-24 11:46"
"HMSC Training Stream","Data: Water Quality","2014-01-08 16:30"
"Tumalo Creek (REALMS Shevlin Park)","Data: Water Quality","2013-12-19 16:29"
"Dharma Rain Zen Center Brownfield Restoration","Data: Water Quality","2013-12-17 16:20"
"Dharma Rain Zen Center Brownfield Restoration","Data: Water Quality","2013-12-17 16:17"
"Bear Creek at WWCLC","Data: Water Quality","2013-11-21 15:30"
"REALMS Tumalo Creek Study Site","Data: Water Quality","2013-11-19 13:32"
"Camp Creek","Data: Water Quality","2013-11-18 18:36"
"Imnaha River","Data: Water Quality","2013-11-18 18:29"
"Wenaha River","Data: Water Quality","2013-11-18 16:14"
"Grande Ronde River","Data: Water Quality","2013-11-18 16:09"
"Dharma Rain Zen Center Brownfield Restoration","Data: Water Quality","2013-11-14 15:07"
"Dharma Rain Zen Center Brownfield Restoration","Data: Water Quality","2013-11-14 15:02"
"Dharma Rain Zen Center Brownfield Restoration","Data: Water Quality","2013-11-14 14:58"
"Dharma Rain Zen Center Brownfield Restoration","Data: Water Quality","2013-11-12 14:30"
"Bear Creek","Data: Water Quality","2013-11-07 12:54"
"Wallowa River Tamkaliks Site","Data: Water Quality","2013-11-07 12:45"
"Wallowa River Tamkaliks Site","Data: Water Quality","2013-11-07 12:43"
"Bear Creek","Data: Water Quality","2013-11-07 12:41"
"Palmerton Park","Data: Water Quality","2013-11-02 09:25"
"Joseph City Park","Data: Water Quality","2013-10-28 16:57"
"Joseph City Park","Data: Water Quality","2013-10-28 16:46"
"Joseph Prairie Creek","Data: Water Quality","2013-10-28 15:32"
"Joseph Prairie Creek","Data: Water Quality","2013-10-28 15:26"
"Enterprise Marr Pond Site","Data: Water Quality","2013-10-23 09:13"
"Enterprise City Park","Data: Water Quality","2013-10-22 15:16"
"HMSC Training Stream","Data: Water Quality","2013-10-10 10:49"
"HMSC Training Stream","Data: Water Quality","2013-10-10 10:45"
"HMSC Training Stream","Data: Water Quality","2013-10-08 13:39"
"Tumalo Creek (REALMS Shevlin Park)","Data: Water Quality","2013-10-08 13:18"
"Bear Creek at Coyote Trails Nature Center","Data: Water Quality","2013-06-27 14:05"
"Bear Creek Crater Land Lab","Data: Water Quality","2013-05-15 12:29"
"Toledo Elementary Stream","Data: Water Quality","2013-05-13 13:58"
"Tenino Court Site","Data: Water Quality","2013-05-09 09:57"
"Tenino Court Site","Data: Water Quality","2013-04-27 18:12"
"Tenino Court Site","Data: Water Quality","2013-04-24 12:54"
"Pony Creek MWS Youth Program","Data: Water Quality","2013-04-05 11:24"
"Bear Creek Crater Land Lab","Data: Water Quality","2013-04-04 20:10"
"Jewell 4th graders on the Deschutes River at McKay Park","Data: Water Quality","2013-03-22 11:26"
"Jewell 4th graders on the Deschutes River at McKay Park","Data: Water Quality","2013-03-22 11:19"
"Tenino Court Site","Data: Water Quality","2013-03-19 17:04"
"Tenino Court Site","Data: Water Quality","2013-03-05 22:53"
"Tumalo Creek (REALMS Shevlin Park)","Data: Water Quality","2012-12-12 07:59"
"Tenino Court Site","Data: Water Quality","2012-11-30 00:43"
"Joseph Prairie Creek","Data: Water Quality","2012-11-15 17:42"
"Joseph Prairie Creek","Data: Water Quality","2012-11-15 17:11"
"Joseph City Park","Data: Water Quality","2012-11-15 16:47"
"Joseph City Park","Data: Water Quality","2012-11-15 16:29"
"Bear Creek","Data: Water Quality","2012-11-07 17:25"
"Bear Creek","Data: Water Quality","2012-11-07 17:23"
"Wallowa River Tamkaliks Site","Data: Water Quality","2012-11-07 16:34"
"Wallowa River Tamkaliks Site","Data: Water Quality","2012-11-05 14:13"
"REALMS Tumalo Creek Study Site","Data: Water Quality","2012-10-29 07:30"
"Enterprise City Park","Data: Water Quality","2012-10-25 10:14"
"Enterprise Marr Pond Site","Data: Water Quality","2012-10-25 10:08"
"Camp Creek","Data: Water Quality","2012-10-18 13:33"
"Imnaha River","Data: Water Quality","2012-10-17 14:09"
"Owyhee River, 8 miles below Owyhee Dam","Data: Water Quality","2012-08-12 20:15"
"Owyhee Reservoir, near Nyssa, Oregon","Data: Water Quality","2012-08-12 19:17"
"Hoover's Dixon Creek Water Quality","Data: Water Quality","2012-06-12 11:43"
"Tenino Court Site","Data: Water Quality","2012-04-11 13:40"
"Tenino Court Site","Data: Water Quality","2012-04-11 10:57"
"Tenino Court Site","Data: Water Quality","2012-03-13 13:44"
"Tenino Court Site","Data: Water Quality","2012-02-28 12:42"
"Amazon Creek","Data: Water Quality","2012-02-02 12:54"
"Amazon Creek","Data: Water Quality","2012-01-30 11:37"
"Amazon Creek","Data: Water Quality","2012-01-30 11:36"
"Amazon Creek","Data: Water Quality","2012-01-30 11:32"
"REALMS Tumalo Creek Study Site","Data: Water Quality","2012-01-12 14:21"
"REALMS Tumalo Creek Study Site","Data: Water Quality","2011-12-08 15:57"
"Tenino Court Site","Data: Water Quality","2011-12-07 19:35"
"Tumalo Creek (REALMS Shevlin Park)","Data: Water Quality","2011-12-07 12:57"
"REALMS Tumalo Creek Study Site","Data: Water Quality","2011-12-07 12:46"
"","Data: Water Quality","2011-12-05 09:38"
"","Data: Water Quality","2011-12-05 09:37"
"","Data: Water Quality","2011-12-05 09:30"
"","Data: Water Quality","2011-12-05 09:28"
"","Data: Water Quality","2011-12-02 17:06"
"Amazon Creek","Data: Water Quality","2011-11-10 10:27"
"Amazon Creek","Data: Water Quality","2011-11-10 10:26"
"Amazon Creek","Data: Water Quality","2011-11-10 10:26"
"Amazon Creek","Data: Water Quality","2011-11-10 10:26"
"Amazon Creek","Data: Water Quality","2011-11-10 10:26"
"Amazon Creek","Data: Water Quality","2011-11-10 10:20"
"Amazon Creek","Data: Water Quality","2011-11-10 10:19"
"Tenino Court Site","Data: Water Quality","2011-11-09 15:56"
"Tenino Court Site","Data: Water Quality","2011-11-02 09:22"
"Bear Creek","Data: Water Quality","2011-10-27 16:49"
"Bear Creek","Data: Water Quality","2011-10-27 16:47"
"Wallowa River Tamkaliks Site","Data: Water Quality","2011-10-27 16:16"
"Wallowa River Tamkaliks Site","Data: Water Quality","2011-10-27 16:14"
"Joseph Prairie Creek","Data: Water Quality","2011-10-25 14:08"
"Joseph Prairie Creek","Data: Water Quality","2011-10-25 14:07"
"Joseph City Park","Data: Water Quality","2011-10-25 13:10"
"Amazon Creek","Data: Water Quality","2011-10-21 10:04"
"Amazon Creek","Data: Water Quality","2011-10-21 10:01"
"Amazon Creek","Data: Water Quality","2011-10-21 09:54"
"Amazon Creek","Data: Water Quality","2011-10-21 09:50"
"Amazon Creek","Data: Water Quality","2011-10-21 09:48"
"Amazon Creek","Data: Water Quality","2011-10-21 09:47"
"Amazon Creek","Data: Water Quality","2011-10-21 09:44"
"Joseph Prairie Creek","Data: Water Quality","2011-10-19 14:59"
"Joseph City Park","Data: Water Quality","2011-10-19 13:46"
"Camp Creek","Data: Water Quality","2011-10-18 11:41"
"Imnaha River","Data: Water Quality","2011-10-18 11:37"
"Grande Ronde River","Data: Water Quality","2011-10-18 10:43"
"Wenaha River","Data: Water Quality","2011-10-18 10:37"
"","Data: Water Quality","2011-10-10 15:50"
"","Data: Water Quality","2011-10-10 15:45"
"","Data: Water Quality","2011-10-10 15:44"
"","Data: Water Quality","2011-10-10 15:41"
"","Data: Water Quality","2011-10-10 15:40"
"","Data: Water Quality","2011-10-10 15:37"
"","Data: Water Quality","2011-10-10 12:21"
"","Data: Water Quality","2011-10-10 12:20"
"","Data: Water Quality","2011-10-10 12:18"
"","Data: Water Quality","2011-10-10 12:18"
"","Data: Water Quality","2011-10-10 11:37"
"","Data: Water Quality","2011-10-10 11:32"
"Amazon Creek","Data: Water Quality","2011-10-03 10:16"
"Amazon Creek","Data: Water Quality","2011-10-03 10:15"
"Amazon Creek","Data: Water Quality","2011-10-03 10:10"
"Amazon Creek","Data: Water Quality","2011-10-03 10:06"
"Amazon Creek","Data: Water Quality","2011-10-03 10:04"
"Clear Creek","Data: Water Quality","2011-09-26 07:20"
"First Lake","Data: Water Quality","2011-09-15 09:24"
"Ryan Meadow Student Stewardship Projects","Data: Water Quality","2011-08-25 09:31"
"Ryan Meadow Student Stewardship Projects","Data: Water Quality","2011-08-25 09:24"
"Ryan Meadow Student Stewardship Projects","Data: Water Quality","2011-08-25 09:23"
"Hesthavn Nature Center","Data: Water Quality","2011-08-17 10:37"
"Oak Creek at 35th Street ","Data: Water Quality","2011-08-17 10:09"
"Hesthavn Nature Center","Data: Water Quality","2011-08-17 10:00"
"Simpson Park","Data: Water Quality","2011-08-17 09:57"
"Oak Creek @ Cardwell Hill Culvert at Sheep Barn","Data: Water Quality","2011-08-17 09:56"
"SE Belmont","Data: Water Quality","2011-08-16 23:25"
"Oregon 4-H Center","Data: Water Quality","2011-08-06 11:26"
"Oregon 4-H Center","Data: Water Quality","2011-08-06 11:23"
"Clear Creek","Data: Water Quality","2011-05-05 17:10"
"Hoover's Dixon Creek Water Quality","Data: Water Quality","2011-04-29 14:57"
"SE Belmont","Data: Water Quality","2011-04-29 08:26"
"Clear Creek","Data: Water Quality","2011-04-19 08:12"
"Salmon River/Side Channel #1","Data: Water Quality","2011-01-21 11:04"
"Tumalo Creek (REALMS Shevlin Park)","Data: Water Quality","2011-01-11 12:18"
"Tumalo Creek (REALMS Shevlin Park)","Data: Water Quality","2011-01-11 08:27"
"Salmon River/Side Channel #1","Data: Water Quality","2010-12-17 11:15"
"REALMS Tumalo Creek Study Site","Data: Water Quality","2010-12-17 10:48"
"CWA  johnson creek park","Data: Water Quality","2010-12-08 11:48"
"Cedar Creek","Data: Water Quality","2010-11-17 15:19"
"Cedar Creek","Data: Water Quality","2010-11-17 15:17"
"Cedar Creek","Data: Water Quality","2010-11-17 15:14"
"Cedar Creek","Data: Water Quality","2010-11-12 11:08"
"CWA Johnson Creek --- 307th/Orient","Data: Water Quality","2010-11-12 09:30"
"CWA Johnson Creek --- 307th/Orient","Data: Water Quality","2010-11-10 12:32"
"Enterprise Marr Pond Site","Data: Water Quality","2010-11-08 16:00"
"Enterprise Marr Pond Site","Data: Water Quality","2010-11-08 15:57"
"Enterprise Marr Pond Site","Data: Water Quality","2010-11-08 11:58"
"Enterprise City Park","Data: Water Quality","2010-11-08 11:55"
"Johnson Creek","Data: Water Quality","2010-11-05 15:23"
"Enterprise City Park","Data: Water Quality","2010-11-03 17:39"
"Enterprise City Park","Data: Water Quality","2010-11-03 17:38"
"Enterprise City Park","Data: Water Quality","2010-11-03 17:37"
"Enterprise Marr Pond Site","Data: Water Quality","2010-11-03 17:32"
"Enterprise Marr Pond Site","Data: Water Quality","2010-11-03 17:31"
"Enterprise Marr Pond Site","Data: Water Quality","2010-11-03 17:30"
"Enterprise Marr Pond Site","Data: Water Quality","2010-11-03 17:26"
"SE Belmont","Data: Water Quality","2010-10-31 16:25"
"SE Belmont","Data: Water Quality","2010-10-31 16:21"
"SE Belmont","Data: Water Quality","2010-10-31 16:19"
"SE Belmont","Data: Water Quality","2010-10-31 16:17"
"SE Belmont","Data: Water Quality","2010-10-31 16:16"
"SE Belmont","Data: Water Quality","2010-10-31 16:15"
"SE Belmont","Data: Water Quality","2010-10-31 16:13"
"Joseph City Park","Data: Water Quality","2010-10-28 16:55"
"Joseph Prairie Creek","Data: Water Quality","2010-10-28 08:40"
"Joseph City Park","Data: Water Quality","2010-10-28 08:40"
"Joseph Prairie Creek","Data: Water Quality","2010-10-28 08:36"
"Wallowa River Tamkaliks Site","Data: Water Quality","2010-10-27 20:41"
"Joseph City Park","Data: Water Quality","2010-10-27 20:03"
"Joseph City Park","Data: Water Quality","2010-10-27 20:03"
"Wallowa River Tamkaliks Site","Data: Water Quality","2010-10-27 18:53"
"Salmon River David Douglas","Data: Water Quality","2010-10-27 14:15"
"Bear Creek","Data: Water Quality","2010-10-26 15:34"
"Bear Creek","Data: Water Quality","2010-10-26 15:34"
"Salmon River/Side Channel #1","Data: Water Quality","2010-10-22 10:57"
"Grande Ronde River","Data: Water Quality","2010-10-13 14:34"
"Wenaha River","Data: Water Quality","2010-10-13 14:34"
"Imnaha River","Data: Water Quality","2010-10-13 14:33"
"Camp Creek","Data: Water Quality","2010-10-13 14:32"
"Camp Creek","Data: Water Quality","2010-10-13 11:39"
"Camp Creek","Data: Water Quality","2010-10-13 11:36"
"Camp Creek","Data: Water Quality","2010-10-13 11:35"
"Imnaha River","Data: Water Quality","2010-10-13 10:20"
"Imnaha River","Data: Water Quality","2010-10-13 10:18"
"Imnaha River","Data: Water Quality","2010-10-13 10:16"
"Bear Creek","Data: Water Quality","2010-10-13 09:40"
"Bear Creek","Data: Water Quality","2010-10-13 09:37"
"Bear Creek","Data: Water Quality","2010-10-13 09:35"
"Wallowa River Tamkaliks Site","Data: Water Quality","2010-10-12 16:28"
"Wallowa River Tamkaliks Site","Data: Water Quality","2010-10-12 16:25"
"Wallowa River Tamkaliks Site","Data: Water Quality","2010-10-12 16:22"
"Joseph Prairie Creek","Data: Water Quality","2010-10-11 21:27"
"Joseph Prairie Creek","Data: Water Quality","2010-10-11 21:25"
"Joseph Prairie Creek","Data: Water Quality","2010-10-11 21:23"
"Joseph Prairie Creek","Data: Water Quality","2010-10-11 21:22"
"Joseph Prairie Creek","Data: Water Quality","2010-10-11 21:21"
"Joseph City Park","Data: Water Quality","2010-10-11 21:01"
"Joseph City Park","Data: Water Quality","2010-10-11 20:58"
"Joseph City Park","Data: Water Quality","2010-10-11 20:58"
"Riverside Campground","Data: Water Quality","2010-10-07 13:27"
"Riverside Campground","Data: Water Quality","2010-10-07 11:55"
"Riverside Campground","Data: Water Quality","2010-10-07 11:54"
"Riverside Campground","Data: Water Quality","2010-10-07 11:53"
"Riverside Campground","Data: Water Quality","2010-10-07 11:53"
"Riverside Campground","Data: Water Quality","2010-10-07 11:03"
"Riverside Campground","Data: Water Quality","2010-10-07 10:53"
"Enterprise City Park","Data: Water Quality","2010-10-06 14:55"
"Eagle Creek Lower","Data: Water Quality","2010-10-05 16:32"
"Salmon River #1","Data: Water Quality","2010-10-03 15:17"
"Salmon River #1","Data: Water Quality","2010-10-02 18:06"
"Salmon River #1","Data: Water Quality","2010-09-24 14:04"
"Salmon River #1","Data: Water Quality","2010-09-24 13:53"
"Salmon River #1","Data: Water Quality","2010-09-24 13:51"
"Salmon River #1","Data: Water Quality","2010-09-24 13:51"
"Salmon River #1","Data: Water Quality","2010-09-24 13:44"
"side channel 11","Data: Water Quality","2010-09-24 10:40"
"Salmon River #2","Data: Water Quality","2010-09-24 10:36"
"Salmon River #2","Data: Water Quality","2010-09-24 10:36"
"Brice Creek West Trailhead","Data: Water Quality","2010-09-22 09:31"
"Salmon River #2","Data: Water Quality","2010-09-19 19:19"
"Sandy River Outdoor School","Data: Water Quality","2010-09-08 12:31"
"side channel 11","Data: Water Quality","2010-08-19 09:28"
"side channel 11","Data: Water Quality","2010-08-19 09:25"
"side channel 11","Data: Water Quality","2010-08-06 09:32"
"Lotus Isle Cove","Data: Water Quality","2010-07-14 13:10"
"Blair Creek","Data: Water Quality","2010-07-13 13:57"
"REALMS Tumalo Creek Study Site","Data: Water Quality","2010-05-13 12:56"
"REALMS Tumalo Creek Study Site","Data: Water Quality","2010-05-04 10:40"
"REALMS Tumalo Creek Study Site","Data: Water Quality","2010-05-04 10:13"
