"Nid","Photo Point ID","Date","Image"
"2044","1813","Wed, 2009-11-11","sites/streamwebs.org/files/user/jane23/photopoints/vanilla_leaf-01.jpg"
"2046","2045","Wed, 2009-11-11","sites/streamwebs.org/files/user/jane23/photopoints/stream_violet_170.jpg"
"2048","2047","Sat, 2009-11-14","sites/streamwebs.org/files/user/jane23/photopoints/lewisia_tweedyi-01.jpg"
"2087","2076","Fri, 2009-10-09","sites/streamwebs.org/files/user/beth/photopoints/IMG_6717.JPG"
"2088","2077","Fri, 2009-10-09","sites/streamwebs.org/files/user/beth/photopoints/IMG_6720_0.JPG"
"2089","2078","Fri, 2009-10-09","sites/streamwebs.org/files/user/beth/photopoints/IMG_6721_0.JPG"
"2090","2079","Fri, 2009-10-09","sites/streamwebs.org/files/user/beth/photopoints/IMG_6724_0.JPG"
"2091","2079","Fri, 2009-10-09","sites/streamwebs.org/files/user/beth/photopoints/IMG_6724_1.JPG"
"2092","2080","Fri, 2009-10-09","sites/streamwebs.org/files/user/beth/photopoints/IMG_6725_0.JPG"
"2239","2076","Sat, 2010-01-16","sites/streamwebs.org/files/user/beth/photopoints/cpApp1.jpg"
"2777","2216","Fri, 2010-10-15","sites/streamwebs.org/files/user/jane23/photopoints/charliebullman2_0.jpg"
"2778","2775","Sat, 2010-10-23","sites/streamwebs.org/files/user/jane23/photopoints/img_7c3_1a.jpg"
"2779","2216","Tue, 2010-10-12","sites/streamwebs.org/files/user/jane23/photopoints/mvc-022.jpg"
"2780","2775","Sat, 2010-10-09","sites/streamwebs.org/files/user/jane23/photopoints/cc4f_kerr_pacific.gif"
"2782","2215","Sat, 2010-10-16","sites/streamwebs.org/files/user/jane23/photopoints/cc4f_pge1.gif"
"2800","2799","Mon, 2008-10-20","sites/streamwebs.org/files/images/imnaha_river_lower_end_survey_ds_view_10-20-2008.jpg"
"2804","2799","Thu, 2010-10-07","sites/streamwebs.org/files/images/photo_point_upstream.wet_.imnaha_school.10072010_002.jpg"
"2809","2808","Thu, 2010-10-07","sites/streamwebs.org/files/images/photo_point_bride.wet_.imnaha_school.10072010_004.jpg"
"3155","2215","Wed, 2011-05-04","sites/streamwebs.org/files/images/flowers-0.jpg"
"3176","3175","Wed, 2011-07-13","sites/streamwebs.org/files/images/100_0144.jpg"
"3179","3178","Wed, 2011-07-13","sites/streamwebs.org/files/images/100_0145.jpg"
"3181","3180","Wed, 2011-07-13","sites/streamwebs.org/files/images/100_0147.jpg"
"3192","2045","Sat, 2011-07-23","sites/streamwebs.org/files/images/creek-2.jpg"
"3194","3193","Tue, 2011-07-19","sites/streamwebs.org/files/images/forest_balchcreek.jpg"
"3204","3202","Fri, 2011-08-05","sites/streamwebs.org/files/images/100_0180.jpg"
"3206","3205","Fri, 2011-08-05","sites/streamwebs.org/files/images/100_0181.jpg"
"3209","3208","Fri, 2011-08-05","sites/streamwebs.org/files/images/100_0184.jpg"
"3371","3370","Tue, 2010-10-26","sites/streamwebs.org/files/images/1_wet_johi_wallowa_r_-view_ds_from_lower_end_survey__oct_14_2010_002.jpg"
"3373","3372","Mon, 2007-10-08","sites/streamwebs.org/files/images/johi_stream_monitoring_-_wallowariver_view_us_from_low_end_survey_section_10-8-2007_002.jpg"
"3374","3372","Tue, 2008-04-15","sites/streamwebs.org/files/images/photo_point_-_ds_looking_us_-_johi_and_6th_wet_wallowa_riverview_us_from_lower_end_survey_4-15-2008_005.jpg"
"3375","3372","Thu, 2010-10-14","sites/streamwebs.org/files/images/1_wet_johi_wallowa_r-view_us_from_lower_end_survey__oct_14_2010_003.jpg"
"3377","3376","Mon, 2007-10-08","sites/streamwebs.org/files/images/johi_stream_monitoring_-_wallowariver_view_ds_from_upper_end_survery_sectionb10-8-2007_003.jpg"
"3378","3376","Tue, 2008-04-15","sites/streamwebs.org/files/images/photo_point_-_us_looking_ds_-_johi_and_6th_wet_wallowa_riverview_ds_from_uper_end_survey_4-15-2008_011.jpg"
"3379","3376","Thu, 2010-10-14","sites/streamwebs.org/files/images/1_wet_johi_wallowa_r_-_view_ds_from_upper_end_survey__oct_14_2010_004.jpg"
"3381","3380","Thu, 2010-10-14","sites/streamwebs.org/files/images/1_wet_johi_wallowa_r-view_us_from_upper_end_survey__oct_14_2010_005.jpg"
"3395","3394","Wed, 2009-10-14","sites/streamwebs.org/files/images/joehi_wet_us_view_from_low_end_survey_10-13-2009_020.jpg"
"3396","3394","Mon, 2007-10-08","sites/streamwebs.org/files/images/johi_stream_monitoring_prairiecrk_view_us_from_low_end_survey_10-10-2007_003_0.jpg"
"3398","3397","Tue, 2009-10-13","sites/streamwebs.org/files/images/joehi_wet_ds_view_low_end_survey_10-13-2009_019_0.jpg"
"3399","3394","Wed, 2008-10-01","sites/streamwebs.org/files/images/photo_point-_ds_looking_us_-_prairie_creek-_johnson_ranch-_pra_010_0.jpg"
"3401","3400","Wed, 2008-10-01","sites/streamwebs.org/files/images/photo_point_-_us_looking_ds_-_prairie_creek-_johnson_ranch-_pra_012_0.jpg"
"3402","3400","Wed, 2007-10-10","sites/streamwebs.org/files/images/johi_stream_monitoring_prairiecrk_view_ds_from_upper_end_survey_10-10-2007_004_0.jpg"
"3403","3400","Tue, 2009-10-13","sites/streamwebs.org/files/images/joehi_wet_ds_view_from_up_end_survey_10-13-2009_021.jpg"
"3686","1813","Wed, 2011-11-09","sites/streamwebs.org/files/images/onionweed2.jpg"
"3687","1813","Tue, 2011-11-29","sites/streamwebs.org/files/images/onionweed2_0.jpg"
"3703","1813","Thu, 2006-11-16","sites/streamwebs.org/files/images/lighthouse.jpg"
"3704","1813","Wed, 2011-11-09","sites/streamwebs.org/files/images/penguins.jpg"
"3705","1813","Wed, 2011-11-09","sites/streamwebs.org/files/images/lighthouse_1.jpg"
"3713","1813","Wed, 2011-11-30","sites/streamwebs.org/files/images/weed_scotbroom_inf_ec.jpg"
"3715","3661","Wed, 2011-10-26","sites/streamwebs.org/files/images/a1_oct_29th_2011.jpg"
"3716","3661","Wed, 2011-11-09","sites/streamwebs.org/files/images/a1_nov_9th_2011.jpg"
"3717","3662","Wed, 2011-10-26","sites/streamwebs.org/files/images/a2_oct_26th_2011.jpg"
"3718","3663","Wed, 2011-10-26","sites/streamwebs.org/files/images/a3_oct_26th_2011.jpg"
"3719","3663","Wed, 2011-11-09","sites/streamwebs.org/files/images/a3_nov_9th_2011_0.jpg"
"3720","3664","Wed, 2011-10-26","sites/streamwebs.org/files/images/b1_oct_26th_2011.jpg"
"3721","3664","Wed, 2011-11-09","sites/streamwebs.org/files/images/b1_nov_9th_2011.jpg"
"3722","3665","Wed, 2011-10-26","sites/streamwebs.org/files/images/c1_oct_26th_2011.jpg"
"3723","3666","Wed, 2011-10-26","sites/streamwebs.org/files/images/c2_oct_26th_2011.jpg"
"3724","3665","Wed, 2011-11-09","sites/streamwebs.org/files/images/c1bnov_9th_2011.jpg"
"3725","3667","Wed, 2011-10-26","sites/streamwebs.org/files/images/d1_oct_26th_2011.jpg"
"3726","3667","Wed, 2011-11-09","sites/streamwebs.org/files/images/d1_nov_9th_2011.jpg"
"3727","3668","Wed, 2011-10-26","sites/streamwebs.org/files/images/e1_oct_26th_2011.jpg"
"3728","3668","Wed, 2011-11-09","sites/streamwebs.org/files/images/e1_nov_9th_2011.jpg"
"3729","3669","Wed, 2011-11-09","sites/streamwebs.org/files/images/f1_nov_9th_2011.jpg"
"3730","3670","Wed, 2011-11-09","sites/streamwebs.org/files/images/f2_nov_9th_2011.jpg"
"3731","3666","Wed, 2011-11-09","sites/streamwebs.org/files/images/c2_nov_9th_2011.jpg"
"3787","1813","Sun, 2012-01-01","sites/streamwebs.org/files/images/170px-coastal_redwood.jpg"
"3869","3868","Fri, 2012-02-10","sites/streamwebs.org/files/images/a1.jpg"
"3875","3874","Fri, 2012-02-10","sites/streamwebs.org/files/images/a2.jpg"
"3879","3877","Fri, 2012-02-10","sites/streamwebs.org/files/images/p1020033.jpg"
"3882","3881","Fri, 2012-02-10","sites/streamwebs.org/files/images/p1020034.jpg"
"3894","3892","Fri, 2012-02-10","sites/streamwebs.org/files/images/img_2038.jpg"
"3897","3896","Fri, 2012-02-10","sites/streamwebs.org/files/images/img_2040.jpg"
"3913","3912","Wed, 2008-06-18","sites/streamwebs.org/files/images/site_1_-_a1_6-18-08.jpg"
"3915","3914","Wed, 2008-06-18","sites/streamwebs.org/files/images/site_1_-_a2_6-18-08.jpg"
"3917","3916","Wed, 2008-06-18","sites/streamwebs.org/files/images/site_1_-_a3_6-18-08.jpg"
"3918","3912","Thu, 2008-12-18","sites/streamwebs.org/files/images/site1_a1_12-18-08.jpg"
"3919","3914","Thu, 2008-12-18","sites/streamwebs.org/files/images/site1_a2_12-18-08.jpg"
"3920","3916","Thu, 2008-12-18","sites/streamwebs.org/files/images/site1_a3_12-18-08.jpg"
"3921","3912","Fri, 2009-08-21","sites/streamwebs.org/files/images/site1_a1_08-21-09.jpg"
"3922","3914","Fri, 2009-08-21","sites/streamwebs.org/files/images/site1_a2_08-21-09.jpg"
"3923","3916","Fri, 2009-08-21","sites/streamwebs.org/files/images/site1_a3_08-21-09.jpg"
"3931","3930","Wed, 2008-06-18","sites/streamwebs.org/files/images/site_2_pt._a1__6-18-08.jpg"
"3933","3932","Wed, 2008-06-18","sites/streamwebs.org/files/images/site_2_pt._a2__6-18-08.jpg"
"3935","3934","Wed, 2008-06-18","sites/streamwebs.org/files/images/site_2_pt._a3__6-18-08.jpg"
"3936","3930","Thu, 2008-12-18","sites/streamwebs.org/files/images/site2_a1_12-18-08.jpg"
"3937","3932","Thu, 2008-12-18","sites/streamwebs.org/files/images/site2_a2_12-18-08.jpg"
"3938","3934","Thu, 2008-12-18","sites/streamwebs.org/files/images/site2_a3_12-18-08.jpg"
"3939","3930","Fri, 2009-08-21","sites/streamwebs.org/files/images/site2_a1_08-21-09.jpg"
"3940","3932","Fri, 2009-08-21","sites/streamwebs.org/files/images/site2_a2_08-21-09.jpg"
"3941","3934","Fri, 2009-08-21","sites/streamwebs.org/files/images/site2_a3_08-21-09.jpg"
"3959","3661","Wed, 2012-02-15","sites/streamwebs.org/files/images/img_1730.jpg"
"3960","3662","Wed, 2012-02-15","sites/streamwebs.org/files/images/img_1731.jpg"
"3961","3664","Wed, 2012-03-14","sites/streamwebs.org/files/images/img_1732.jpg"
"3962","3665","Wed, 2012-03-14","sites/streamwebs.org/files/images/img_1734.jpg"
"3963","3666","Wed, 2012-03-14","sites/streamwebs.org/files/images/img_1736.jpg"
"3964","3667","Wed, 2012-03-14","sites/streamwebs.org/files/images/img_1737.jpg"
"3965","3668","Wed, 2012-03-14","sites/streamwebs.org/files/images/img_1741.jpg"
"3966","3669","Wed, 2012-03-14","sites/streamwebs.org/files/images/img_1739.jpg"
"3967","3670","Wed, 2012-03-14","sites/streamwebs.org/files/images/img_1740.jpg"
"3973","3972","Sun, 2012-01-01","sites/streamwebs.org/files/images/talltrees2.jpg"
"3990","1813","Wed, 2011-11-16","sites/streamwebs.org/files/images/bosco_2005_oct_a.jpg"
"4043","3892","Fri, 2012-05-04","sites/streamwebs.org/files/images/100_00971.jpg"
"4044","3868","Fri, 2012-05-04","sites/streamwebs.org/files/images/108_1575.jpg"
"4045","3874","Fri, 2012-05-04","sites/streamwebs.org/files/images/108_1579.jpg"
"4048","3877","Fri, 2012-05-04","sites/streamwebs.org/files/images/108_1577.jpg"
"4049","3881","Fri, 2012-05-04","sites/streamwebs.org/files/images/108_1581.jpg"
"4077","3912","Thu, 2012-05-10","sites/streamwebs.org/files/images/site_1-a1_2.jpg"
"4078","3914","Thu, 2012-05-10","sites/streamwebs.org/files/images/site_1-a2_2.jpg"
"4079","3916","Thu, 2012-05-10","sites/streamwebs.org/files/images/site_1-a3.jpg"
"4088","4084","Wed, 2008-06-18","sites/streamwebs.org/files/images/site_3_pt._a1__6-18-08.jpg"
"4089","4086","Wed, 2008-06-18","sites/streamwebs.org/files/images/site_3_pt._a2__6-18-08.jpg"
"4091","4090","Wed, 2008-06-18","sites/streamwebs.org/files/images/site_3_pt._a3__6-18-08.jpg"
"4157","4086","Thu, 2012-05-10","sites/streamwebs.org/files/images/site_3-a1.jpg"
"4158","4090","Thu, 2012-05-10","sites/streamwebs.org/files/images/site_3-a3_2.jpg"
"4167","4165","Thu, 2012-05-10","sites/streamwebs.org/files/images/site_3-a3.jpg"
"4173","4084","Thu, 2008-12-18","sites/streamwebs.org/files/images/site3_a1_12-18-08.jpg"
"4175","4086","Thu, 2008-12-18","sites/streamwebs.org/files/images/site3_a2_12-18-08.jpg"
"4179","4090","Thu, 2008-12-18","sites/streamwebs.org/files/images/site3_a3_12-18-08.jpg"
"4180","4084","Fri, 2009-08-21","sites/streamwebs.org/files/images/site3_a1_08-21-09.jpg"
"4187","4086","Fri, 2009-08-21","sites/streamwebs.org/files/images/site3_a2_08-21-09.jpg"
"4194","4090","Fri, 2009-08-21","sites/streamwebs.org/files/images/site3_a3_08-21-09.jpg"
"4314","4313","Tue, 2012-08-07","sites/streamwebs.org/files/images/summer_2012_017.jpg"
"4320","4318","Wed, 2012-08-08","sites/streamwebs.org/files/images/summer_2012_036.jpg"
"4334","4333","Wed, 2012-08-29","sites/streamwebs.org/files/images/dsc_0001.jpg"
"4336","4335","Wed, 2012-08-29","sites/streamwebs.org/files/images/dsc_0002.jpg"
"4344","3896","Fri, 2012-05-04","sites/streamwebs.org/files/images/100_00931_0.jpg"
"4360","4359","Fri, 2012-09-21","sites/streamwebs.org/files/images/sunp0002.jpg"
"4362","4361","Fri, 2012-09-21","sites/streamwebs.org/files/images/sunp0003.jpg"
"4364","4363","Fri, 2012-09-21","sites/streamwebs.org/files/images/sunp0004.jpg"
"4367","4366","Fri, 2012-09-21","sites/streamwebs.org/files/images/108_1624.jpg"
"4369","4368","Fri, 2012-09-21","sites/streamwebs.org/files/images/108_1626.jpg"
"4371","4370","Fri, 2012-09-21","sites/streamwebs.org/files/images/108_1627_0.jpg"
"4374","4373","Fri, 2012-09-21","sites/streamwebs.org/files/images/sunp0002_0.jpg"
"4376","4375","Fri, 2012-09-21","sites/streamwebs.org/files/images/sunp0003_0.jpg"
"4378","4377","Fri, 2012-09-21","sites/streamwebs.org/files/images/sunp0004_0.jpg"
"4381","4380","Wed, 2012-09-12","sites/streamwebs.org/files/images/imgp0164.jpg"
"4383","4382","Wed, 2012-09-12","sites/streamwebs.org/files/images/imgp0165.jpg"
"4385","4384","Wed, 2012-09-12","sites/streamwebs.org/files/images/imgp0166.jpg"
"4390","4387","Fri, 2012-09-21","sites/streamwebs.org/files/images/img_2634.jpg"
"4391","4388","Fri, 2012-09-21","sites/streamwebs.org/files/images/img_2635.jpg"
"4392","4389","Fri, 2012-09-21","sites/streamwebs.org/files/images/img_2636.jpg"
"4393","3868","Fri, 2012-09-21","sites/streamwebs.org/files/images/190.jpg"
"4394","3874","Fri, 2012-09-21","sites/streamwebs.org/files/images/192.jpg"
"4395","3877","Fri, 2012-09-21","sites/streamwebs.org/files/images/195.jpg"
"4396","3881","Fri, 2012-09-21","sites/streamwebs.org/files/images/197.jpg"
"4397","3892","Fri, 2012-09-21","sites/streamwebs.org/files/images/199_0.jpg"
"4398","3896","Fri, 2012-09-21","sites/streamwebs.org/files/images/200.jpg"
"4400","4399","Fri, 2012-09-21","sites/streamwebs.org/files/images/202.jpg"
"4493","4492","Thu, 2008-10-02","sites/streamwebs.org/files/images/enterprise_hi_strm_monitoring_ds_view_lower_end_survey_10-2-2008.jpg"
"4494","4492","Tue, 2009-04-14","sites/streamwebs.org/files/images/wet-ent_sch_6th_prairie_ck_ds_view_from_lower_end_survey_4-14-2009.jpg"
"4495","4492","Tue, 2010-11-02","sites/streamwebs.org/files/images/wet_ent_hi_ds_view_lower_end_survey_prairie_ck_11-2-2010_00.jpg"
"4496","4492","Tue, 2011-11-08","sites/streamwebs.org/files/images/wet_ent_hs_ds_view_up_lower_end_survey_prairie_creek_11082011_3.jpg"
"4498","4497","Thu, 2008-10-02","sites/streamwebs.org/files/images/enterprise_hi_strm_monitoring_us_view_lower_end_survey_10-2-2008.jpg"
"4499","4497","Tue, 2009-04-14","sites/streamwebs.org/files/images/wet-ent_sch_6th_prairie_ck_us_view_from_lower_end_survey_4-14-2009.jpg"
"4500","4497","Tue, 2010-11-02","sites/streamwebs.org/files/images/wet_ent_hi_us_view_lower_end_survey_prairie_ck_11-2-2010_002.jpg"
"4501","4497","Tue, 2011-11-08","sites/streamwebs.org/files/images/wet_ent_hs_us_view_up_lower_end_survey_prairie_creek_11082011_4.jpg"
"4502","4492","Wed, 2012-10-24","sites/streamwebs.org/files/images/wet_ent_6th_prairie_ck_ds_view_from_lower_end_survey_10242012.jpg"
"4503","4497","Wed, 2012-10-24","sites/streamwebs.org/files/images/wet_ent_6th_prairie_ck_us_view_from_lower_end_survey_10242012.jpg"
"4506","4505","Wed, 2008-04-09","sites/streamwebs.org/files/images/wet_ent_hi_prairie_crk_ds_view_from_upperend_monitoring_segment_4-7-08_010.jpg"
"4507","4505","Sun, 2009-03-15","sites/streamwebs.org/files/images/wet_ent_hi_ds_view_upper_end_survey_prairie_ck_3-15-2009.jpg"
"4508","4505","Tue, 2010-11-02","sites/streamwebs.org/files/images/wet_ent_hi_ds_view_upper_end_survey_prairie_ck_11-2-2010_00.jpg"
"4509","4505","Tue, 2011-11-08","sites/streamwebs.org/files/images/wet_ent_hs_ds_view_up_upper_end_survey_prairie_creek_11082011_1.jpg"
"4510","4505","Wed, 2012-10-24","sites/streamwebs.org/files/images/wet_ent_6th_prairie_ck_ds_view_upper_end_survey_10242012_1.jpg"
"4512","4511","Fri, 2012-11-02","sites/streamwebs.org/files/images/wet_ent_hi_us_view_upper_end_survey_prairie_ck_11-2-2010_00.jpg"
"4513","4511","Tue, 2011-11-08","sites/streamwebs.org/files/images/wet_ent_hs_us_view_up_upper_end_survey_prairie_creek_11082011_2.jpg"
"4514","4511","Wed, 2012-10-24","sites/streamwebs.org/files/images/wet_ent_6th_prairie_ck_us_view_upper_end_survey_10242012.jpg"
"4525","4524","Wed, 2012-10-10","sites/streamwebs.org/files/images/photo_points_2012_001.jpg"
"4527","4526","Wed, 2012-10-10","sites/streamwebs.org/files/images/photo_points_2012_002.jpg"
"4529","4528","Wed, 2012-10-10","sites/streamwebs.org/files/images/photo_points_2012_004.jpg"
"4535","4532","Wed, 2012-10-10","sites/streamwebs.org/files/images/photo_points_2012_008.jpg"
"4538","4536","Wed, 2012-10-10","sites/streamwebs.org/files/images/photo_points_2012_015.jpg"
"4539","4536","Wed, 2012-10-10","sites/streamwebs.org/files/images/photo_points_2012_015_0.jpg"
"4541","4540","Wed, 2012-10-10","sites/streamwebs.org/files/images/photo_points_2012_008_0.jpg"
"4543","4542","Wed, 2012-10-10","sites/streamwebs.org/files/images/photo_points_2012_018.jpg"
"4656","4653","Wed, 2012-10-10","sites/streamwebs.org/files/images/photo_points_2012_001_0.jpg"
"4657","4654","Wed, 2012-10-10","sites/streamwebs.org/files/images/photo_points_2012_002_0.jpg"
"4661","4524","Wed, 2012-10-24","sites/streamwebs.org/files/images/photo_points_2012_103.jpg"
"4662","4526","Wed, 2012-10-24","sites/streamwebs.org/files/images/photo_points_2012_102.jpg"
"4663","4528","Wed, 2012-10-24","sites/streamwebs.org/files/images/photo_points_2012_105.jpg"
"4664","4532","Wed, 2012-10-24","sites/streamwebs.org/files/images/photo_points_2012_107.jpg"
"4665","4536","Wed, 2012-10-24","sites/streamwebs.org/files/images/photo_points_2012_110.jpg"
"4666","4540","Wed, 2012-10-24","sites/streamwebs.org/files/images/photo_points_2012_111.jpg"
"4667","4542","Wed, 2012-10-24","sites/streamwebs.org/files/images/photo_points_2012_112.jpg"
"4668","4658","Wed, 2012-10-24","sites/streamwebs.org/files/images/photo_points_2012_115.jpg"
"4669","4659","Wed, 2012-10-24","sites/streamwebs.org/files/images/photo_points_2012_120.jpg"
"4670","4660","Wed, 2012-10-24","sites/streamwebs.org/files/images/photo_points_2012_121.jpg"
"4671","4524","Wed, 2012-11-07","sites/streamwebs.org/files/images/photo_points_2012_122.jpg"
"4672","4526","Wed, 2012-11-07","sites/streamwebs.org/files/images/photo_points_2012_123.jpg"
"4673","4528","Wed, 2012-11-07","sites/streamwebs.org/files/images/photo_points_2012_126.jpg"
"4674","4532","Wed, 2012-11-07","sites/streamwebs.org/files/images/photo_points_2012_127.jpg"
"4675","4536","Wed, 2012-11-07","sites/streamwebs.org/files/images/photo_points_2012_129.jpg"
"4676","4524","Wed, 2012-11-28","sites/streamwebs.org/files/images/photo_points_2012_174.jpg"
"4677","4526","Wed, 2012-11-28","sites/streamwebs.org/files/images/photo_points_2012_176.jpg"
"4678","4528","Wed, 2012-11-28","sites/streamwebs.org/files/images/photo_points_2012_178.jpg"
"4679","4532","Wed, 2012-11-28","sites/streamwebs.org/files/images/photo_points_2012_180.jpg"
"4680","4536","Wed, 2012-11-28","sites/streamwebs.org/files/images/photo_points_2012_181.jpg"
"4681","4540","Wed, 2012-11-28","sites/streamwebs.org/files/images/photo_points_2012_182.jpg"
"4682","4542","Wed, 2012-11-28","sites/streamwebs.org/files/images/photo_points_2012_187.jpg"
"4683","4659","Wed, 2012-11-28","sites/streamwebs.org/files/images/photo_points_2012_189.jpg"
"4684","4660","Wed, 2012-11-28","sites/streamwebs.org/files/images/photo_points_2012_191.jpg"
"4716","4715","Thu, 2013-01-24","sites/streamwebs.org/files/images/dscn7126.jpg"
"4718","4717","Thu, 2013-01-24","sites/streamwebs.org/files/images/dscn7127.jpg"
"4721","4720","Thu, 2013-01-24","sites/streamwebs.org/files/images/dscn7128.jpg"
"4735","4734","Thu, 2013-02-28","sites/streamwebs.org/files/images/dscn6947.jpg"
"4737","4736","Thu, 2013-02-28","sites/streamwebs.org/files/images/dscn6953.jpg"
"4739","4738","Thu, 2013-02-28","sites/streamwebs.org/files/images/dscn6959.jpg"
"4742","4741","Thu, 2013-02-28","sites/streamwebs.org/files/images/dscn6961.jpg"
"4744","4743","Thu, 2013-02-28","sites/streamwebs.org/files/images/dscn6965.jpg"
"4746","4745","Thu, 2013-02-28","sites/streamwebs.org/files/images/dscn6968.jpg"
"4814","4813","Wed, 2013-04-03","sites/streamwebs.org/files/images/dsc_1177.jpg"
"4815","4813","Fri, 2013-04-05","sites/streamwebs.org/files/images/dsc_1179.jpg"
"4817","4816","Fri, 2013-04-05","sites/streamwebs.org/files/images/dsc_1181.jpg"
"4818","4816","Fri, 2013-04-05","sites/streamwebs.org/files/images/dsc_1182.jpg"
"4820","4816","Fri, 2013-04-05","sites/streamwebs.org/files/images/dsc_1182_0.jpg"
"4826","4825","Fri, 2013-04-19","sites/streamwebs.org/files/images/photo_pt_1_a.jpg"
"4828","4825","Fri, 2013-04-19","sites/streamwebs.org/files/images/photo_pt_1_a.jpg"
"4829","4827","Fri, 2013-04-19","sites/streamwebs.org/files/images/photo_pt_2_a.jpg"
"4831","4830","Fri, 2013-04-19","sites/streamwebs.org/files/images/photo_pt_3_a.jpg"
"4838","4837","Fri, 2013-04-19","sites/streamwebs.org/files/images/photo_pt_b1_lower.jpg"
"4840","4839","Fri, 2013-04-19","sites/streamwebs.org/files/images/photo_pt_b_2_lower.jpg"
"4842","4841","Fri, 2013-04-19","sites/streamwebs.org/files/images/photo_ptb_3_lower.jpg"
"4845","4844","Fri, 2013-04-19","sites/streamwebs.org/files/images/photo_pt_c1.jpg"
"4847","4846","Fri, 2013-04-19","sites/streamwebs.org/files/images/photo_pt_c2.jpg"
"4849","4848","Fri, 2013-04-19","sites/streamwebs.org/files/images/photo_pt_c3.jpg"
"4870","4869","Wed, 2013-04-03","sites/streamwebs.org/files/images/mrs_spinks_sixth_grade_2013_photo_point_monitoring_toledo_strea_002.jpg"
"4872","4871","Mon, 2013-03-04","sites/streamwebs.org/files/images/mrs_spinks_sixth_grade_2013_photo_point_monitoring_toledo_strea_003.jpg"
"4874","4873","Mon, 2013-03-04","sites/streamwebs.org/files/images/mrs_spinks_sixth_grade_2013_photo_point_monitoring_toledo_strea_006.jpg"
"4894","4893","Wed, 2013-03-13","sites/streamwebs.org/files/images/creek_pic_2.jpg"
"4895","4893","Wed, 2013-03-13","sites/streamwebs.org/files/images/creek_pic_3.jpg"
"4896","4893","Wed, 2013-03-13","sites/streamwebs.org/files/images/stick_pic_1.jpg"
"4897","4893","Wed, 2013-03-13","sites/streamwebs.org/files/images/stick_pic_2.jpg"
"4899","4893","Wed, 2013-03-13","sites/streamwebs.org/files/images/thorns_pic_11.jpg"
"4900","4893","Wed, 2013-03-13","sites/streamwebs.org/files/images/thorns_pic_21.jpg"
"4902","4901","Wed, 2013-04-10","sites/streamwebs.org/files/images/wp_20130410_10_34_22_smartshoot.jpg"
"4903","4901","Wed, 2013-04-10","sites/streamwebs.org/files/images/wp_20130410_10_39_57_smartshoot.jpg"
"4904","4901","Wed, 2013-04-10","sites/streamwebs.org/files/images/wp_20130410_10_41_45_smartshoot.jpg"
"4905","4901","Wed, 2013-04-10","sites/streamwebs.org/files/images/wp_20130410_10_52_14_smartshoot.jpg"
"4906","4901","Wed, 2013-04-10","sites/streamwebs.org/files/images/wp_20130410_10_54_44_smartshoot.jpg"
"4907","4901","Wed, 2013-04-10","sites/streamwebs.org/files/images/wp_20130410_10_57_49_smartshoot.jpg"
"4908","4901","Wed, 2013-04-10","sites/streamwebs.org/files/images/wp_20130410_11_01_14_smartshoot.jpg"
"4910","4909","Wed, 2013-04-24","sites/streamwebs.org/files/images/wp_20130424_10_34_39_smartshoot.jpg"
"4911","4909","Wed, 2013-04-24","sites/streamwebs.org/files/images/wp_20130424_10_46_22_smartshoot.jpg"
"4912","4909","Wed, 2013-04-24","sites/streamwebs.org/files/images/wp_20130424_10_55_26_smartshoot.jpg"
"4913","4909","Wed, 2013-04-24","sites/streamwebs.org/files/images/wp_20130424_11_05_42_smartshoot.jpg"
"4914","4909","Wed, 2013-04-24","sites/streamwebs.org/files/images/wp_20130424_11_09_22_smartshoot.jpg"
"4915","4909","Wed, 2013-04-24","sites/streamwebs.org/files/images/wp_20130424_11_12_30_smartshoot.jpg"
"4916","4909","Wed, 2013-04-24","sites/streamwebs.org/files/images/wp_20130424_11_18_10_smartshoot.jpg"
"4917","4909","Wed, 2013-04-24","sites/streamwebs.org/files/images/wp_20130424_11_22_58_smartshoot.jpg"
"4919","4918","Wed, 2013-05-08","sites/streamwebs.org/files/images/wp_20130508_10_45_42_smartshoot.jpg"
"4920","4918","Wed, 2013-05-08","sites/streamwebs.org/files/images/wp_20130508_10_58_50_smartshoot.jpg"
"4921","4918","Wed, 2013-05-08","sites/streamwebs.org/files/images/wp_20130508_11_00_09_smartshoot.jpg"
"4922","4918","Wed, 2013-05-08","sites/streamwebs.org/files/images/wp_20130508_11_08_17_smartshoot.jpg"
"4923","4918","Wed, 2013-05-08","sites/streamwebs.org/files/images/wp_20130508_11_14_31_smartshoot.jpg"
"4924","4918","Wed, 2013-05-08","sites/streamwebs.org/files/images/wp_20130508_11_18_18_smartshoot.jpg"
"4926","4925","Wed, 2013-05-22","sites/streamwebs.org/files/images/wp_20130522_10_31_01_smartshoot.jpg"
"4927","4925","Wed, 2013-05-22","sites/streamwebs.org/files/images/wp_20130522_007.jpg"
"4928","4925","Wed, 2013-05-22","sites/streamwebs.org/files/images/wp_20130522_001.jpg"
"4929","4925","Wed, 2013-05-22","sites/streamwebs.org/files/images/wp_20130522_004.jpg"
"4930","4925","Wed, 2013-05-22","sites/streamwebs.org/files/images/wp_20130522_005.jpg"
"4931","4844","Fri, 2013-05-24","sites/streamwebs.org/files/images/sunp0013.jpg"
"4932","4846","Fri, 2013-05-24","sites/streamwebs.org/files/images/5-24_c2.jpg"
"4933","4848","Fri, 2013-05-24","sites/streamwebs.org/files/images/5-24_c3.jpg"
"4934","4837","Fri, 2013-05-24","sites/streamwebs.org/files/images/b1.jpg"
"4935","4839","Fri, 2013-05-24","sites/streamwebs.org/files/images/b2.jpg"
"4936","4841","Fri, 2013-05-24","sites/streamwebs.org/files/images/b3.jpg"
"4938","4825","Fri, 2013-05-24","sites/streamwebs.org/files/images/5-24_a1.jpg"
"4939","4827","Fri, 2013-05-24","sites/streamwebs.org/files/images/5-24_a2.jpg"
"4940","4830","Fri, 2013-05-24","sites/streamwebs.org/files/images/5-24_a3.jpg"
"4942","4941","Fri, 2013-05-24","sites/streamwebs.org/files/images/5-24_d1.jpg"
"4944","4943","Fri, 2013-05-24","sites/streamwebs.org/files/images/5-24_d2.jpg"
"4946","4945","Fri, 2013-05-24","sites/streamwebs.org/files/images/5-24_d3.jpg"
"4991","3370","Mon, 2007-10-08","sites/streamwebs.org/files/images/johi_wet_wallowa_r_ds_view_from_lower_end_survey_10-8-2007.jpg"
"5010","3394","Thu, 2010-10-14","sites/streamwebs.org/files/images/wet_joseph_high_us_view_lower_end_survey_10142010_025_1.jpg"
"5069","5068","Tue, 2013-10-29","sites/streamwebs.org/files/images/img_7422.jpg"
"5070","3394","Wed, 2011-10-19","sites/streamwebs.org/files/images/johi_wet_us_view_low_end_survey_10192011_1.jpg"
"5071","3394","Mon, 2012-11-05","sites/streamwebs.org/files/images/johi_wet_prairiecrk_us_view_from_lower_end_11052012.jpg"
"5072","3394","Wed, 2013-10-09","sites/streamwebs.org/files/images/johi_wet_us_view_lower_end_survey_10092013.jpg"
"5073","3397","Wed, 2007-10-10","sites/streamwebs.org/files/images/johi_stream_monitoring_ds_view_from_lower_end_survey-_prairie_creek_10-10-2007_cindy_sloan.jpg"
"5074","3397","Wed, 2009-04-22","sites/streamwebs.org/files/images/wet-johi-6th_prairie_crk_ds_view_low_end_survey_4-22-09_01.jpg"
"5075","3397","Thu, 2010-10-14","sites/streamwebs.org/files/images/wet_joseph_high_ds_view_lower_end_survey_10142010_025_2.jpg"
"5076","3397","Wed, 2011-10-19","sites/streamwebs.org/files/images/johi_wet_ds_view_low_end_survey_10192011_2.jpg"
"5077","3397","Mon, 2012-11-05","sites/streamwebs.org/files/images/johi_wet_prairie_crk_ds_view_from_lower_end_survey_11052012.jpg"
"5078","3397","Wed, 2013-10-09","sites/streamwebs.org/files/images/johi_wet_ds_view_lower_end_survey_10092013.jpg"
"5079","3400","Thu, 2010-10-14","sites/streamwebs.org/files/images/johi_wet_ds_view_upper_end_survey_10142010.jpg"
"5080","3400","Wed, 2011-10-19","sites/streamwebs.org/files/images/johi_wet_ds_view_upper_end_survey_10192011.jpg"
"5081","3400","Mon, 2012-11-05","sites/streamwebs.org/files/images/johi_wet_ds_view_from_upper_end_survey_11052012.jpg"
"5082","3400","Wed, 2013-10-09","sites/streamwebs.org/files/images/johi_wet_ds_view_upper_end_survey_10092013.jpg"
"5083","3593","Tue, 2009-10-13","sites/streamwebs.org/files/images/joehi_wet_us_view_upper_end_survey_10132009.jpg"
"5084","3593","Wed, 2009-04-22","sites/streamwebs.org/files/images/johi_wet_us_view_upper_end_survey_04222009.jpg"
"5085","3593","Thu, 2010-10-14","sites/streamwebs.org/files/images/johi_wet_us_view_upper_end_survey_10142010.jpg"
"5086","3593","Wed, 2011-10-19","sites/streamwebs.org/files/images/johi_wet_us_view_upper_end_survey_10192011.jpg"
"5088","3593","Mon, 2012-11-05","sites/streamwebs.org/files/images/johi_wet_us_view_upper_end_survey_11052012.jpg"
"5089","3593","Wed, 2013-10-09","sites/streamwebs.org/files/images/johi_wet_us_view_upper_end_survey_10092013.jpg"
"5090","3370","Tue, 2008-10-28","sites/streamwebs.org/files/images/johi_wet_wallowa_r_ds_view_from_lower_end_survey_10-2008.jpg"
"5091","3370","Tue, 2009-10-13","sites/streamwebs.org/files/images/joehi_wet_wallowa_r_ds_view_from_low_end_survey_10-13-2009.jpg"
"5092","3370","Wed, 2009-04-22","sites/streamwebs.org/files/images/johi_wet_wallowa_r_ds_view_from_low_end_survey_4-22-09.jpg"
"5093","3370","Mon, 2011-10-24","sites/streamwebs.org/files/images/johi_wet_wallowa_r_ds_view_lower_end_survey_10-24-2011.jpg"
"5094","3370","Mon, 2012-11-05","sites/streamwebs.org/files/images/johi_wet_wallowa_r_ds_view_from_lower_end_survey_11052012.jpg"
"5095","3370","Wed, 2013-10-09","sites/streamwebs.org/files/images/johi_wet_wallowa_r_ds_view_lower_end_survey_10092013.jpg"
"5096","3372","Tue, 2009-10-13","sites/streamwebs.org/files/images/joehi_wet_wallowa_r_us_view_from_low_end_survey_10-13-2009.jpg"
"5097","3372","Wed, 2009-04-22","sites/streamwebs.org/files/images/johi_wet_wallowa_r_us_view_from_low_end_survey_4-22-2009.jpg"
"5098","3372","Sat, 2011-10-29","sites/streamwebs.org/files/images/johi_wet_wallowa_r_us_view_from_lower_end_survey_10-24-2011.jpg"
"5099","3372","Mon, 2012-11-05","sites/streamwebs.org/files/images/johi_wet_wallowa_r_us_view_from_lower_end_survey_11052012.jpg"
"5100","3372","Wed, 2013-10-09","sites/streamwebs.org/files/images/johi_wet_wallowa_r_us_view_from_lower_end_survey_10092013.jpg"
"5101","3376","Tue, 2009-10-13","sites/streamwebs.org/files/images/joehi_wet_ds_view_from_up_end_survey_10-13-2009_004.jpg"
"5102","3376","Wed, 2009-04-22","sites/streamwebs.org/files/images/wet-johi-6th_wr_ds_view_from_upper_end_survey_4-22-09_006.jpg"
"5103","3376","Tue, 2008-10-28","sites/streamwebs.org/files/images/johi_wet_ds_view_from_upper_end_survey_fall_2008.jpg"
"5104","3376","Mon, 2011-10-24","sites/streamwebs.org/files/images/wallowa_river_view_ds_upper_end_survey_10242011.jpg"
"5105","3376","Mon, 2012-11-05","sites/streamwebs.org/files/images/johi_wet_wallowa_r_ds_view_from_upper_end_survey_11052012.jpg"
"5106","3376","Wed, 2013-10-09","sites/streamwebs.org/files/images/johi_wet_wallowa_r_ds_view_upper_end_survey_10092013.jpg"
"5107","3380","Thu, 2007-10-11","sites/streamwebs.org/files/images/johi_stream_monitoring_us_view_from_upper_end_survey_wallowa_river_10-8-2007_cindy_sloan.jpg"
"5108","3380","Tue, 2008-10-28","sites/streamwebs.org/files/images/jo_hi_wet_us_view_from_upper_end_survey_fall_2008.jpg"
"5109","3380","Tue, 2009-10-13","sites/streamwebs.org/files/images/joehi_wet_us_view_from_up_end_survey_10-13-2009_003.jpg"
"5110","3380","Wed, 2009-04-22","sites/streamwebs.org/files/images/wet-johi-6th_wr_us_view_from_upper_end_survey_4-22-09_005.jpg"
"5111","3380","Wed, 2011-10-19","sites/streamwebs.org/files/images/wallowa_river_view_us_from_upper_end_survey_10192011_joseph.jpg"
"5112","3380","Mon, 2012-11-05","sites/streamwebs.org/files/images/johi_wet_wallowa_r_us_view_from_upper_end_survey_11052012.jpg"
"5113","3380","Wed, 2013-10-09","sites/streamwebs.org/files/images/johi_wet_wallowa_r_us_view_upper_end_survey_10092013.jpg"
"5268","5267","Mon, 2008-04-28","sites/streamwebs.org/files/images/wal_hi_wet_wallowa_r_ds_view_from_upper_end_survey_4-28-2008.jpg"
"5269","5267","Wed, 2008-10-22","sites/streamwebs.org/files/images/wallowa_hi_wet-_w.r._ds_view_from_upper_end_survey_10-22-2008_2.jpg"
"5270","5267","Thu, 2010-10-21","sites/streamwebs.org/files/images/wet_wa_hi_2010_oct_wr_ds_view_upper_end_survey_002.jpg"
"5271","5267","Thu, 2011-10-27","sites/streamwebs.org/files/images/wal_hi_wet_wallowa_r_ds_view_from_upper_end_survey_10-27-2011.jpg"
"5272","5267","Tue, 2012-10-30","sites/streamwebs.org/files/images/wet_wallowa_hi_wallowa_r_ds_view_from_upper_end_survey_10-30-2012.jpg"
"5274","5273","Mon, 2008-04-28","sites/streamwebs.org/files/images/wal_hi_wet_wallowa_r_us_view_from_upper_end_survey_4-28-2008.jpg"
"5275","5273","Wed, 2008-10-22","sites/streamwebs.org/files/images/wallowa_hi_wet_w.r._us_view_from_upper_end_survey_-10-22-200.jpg"
"5276","5273","Thu, 2010-10-21","sites/streamwebs.org/files/images/wet_wa_hi_2010_oct_wr_us_view_upper_end_survey_001.jpg"
"5277","5273","Thu, 2011-10-27","sites/streamwebs.org/files/images/wal_hi_wet_wallowa_r_us_view_upper_end_survey_10-27-2011.jpg"
"5278","5273","Tue, 2012-10-30","sites/streamwebs.org/files/images/wet_wallowa_hi_wallowa_r_us_view_from_upper_end_survey_10-30-2012.jpg"
"5281","5280","Mon, 2008-04-28","sites/streamwebs.org/files/images/wal_hi_wet_wallowa_r_ds_view_from_lower_end_survey_4-28-2008.jpg"
"5282","5280","Thu, 2011-10-27","sites/streamwebs.org/files/images/wal_hi_wet_ds_view_lower_end_survey_10-27-2011.jpg"
"5283","5280","Thu, 2010-10-21","sites/streamwebs.org/files/images/wet_wa_hi_2010_oct_wr_ds_view_lower_end_survey_006.jpg"
"5284","5280","Tue, 2008-10-28","sites/streamwebs.org/files/images/wal_hi_wallowa_river_ds_view_lower_end_survey_fall_08-_cs_002.jpg"
"5287","5286","Mon, 2008-04-28","sites/streamwebs.org/files/images/wal_hi_wet_wallowa_r_us_view_from_lower_end_survey_4-28-2008.jpg"
"5288","5286","Tue, 2008-10-28","sites/streamwebs.org/files/images/wal_hi_wallowa_river_us_view_lower_end_survey_fall_08-_cs_006.jpg"
"5289","5286","Thu, 2010-10-21","sites/streamwebs.org/files/images/wet_wa_hi_2010_oct_wr_us_view_lower_end_survey_005.jpg"
"5291","5286","Thu, 2011-10-27","sites/streamwebs.org/files/images/wal_hi_wet_wallowa_r_us_view_from_lower_end_survey_10-27-2011.jpg"
"5292","5280","Wed, 2012-10-31","sites/streamwebs.org/files/images/wet_wallowa_hi_wallowa_r_ds_view_lower_end_survey_10-31-2012.jpg"
"5293","5286","Wed, 2012-10-31","sites/streamwebs.org/files/images/wet_wallowa_hi_wallowa_r_us_view_lower_end_survey_10-31-2012.jpg"
"5298","5295","Tue, 2010-10-19","sites/streamwebs.org/files/images/wet_wa_hi_2010_oct_bear_ck_us_view_upper_end_survey_015.jpg"
"5299","5295","Thu, 2011-10-27","sites/streamwebs.org/files/images/wallowa_hi_wet_bear_crk_view_us_bridge_10272011_6.jpg"
"5300","5295","Fri, 2012-11-02","sites/streamwebs.org/files/images/wallowa_hi_wet_bear_crk_us_bridge_upper_survey_11-2-2012.jpg"
"5302","5301","Fri, 2010-10-22","sites/streamwebs.org/files/images/wet_wa_hi_2010_oct_bear_ck_ds_view_upper_end_survey_016.jpg"
"5303","5301","Thu, 2011-10-27","sites/streamwebs.org/files/images/wallowa_hi_wet_bear_crk_view_ds_bridge_10272011_5.jpg"
"5304","5301","Fri, 2012-11-02","sites/streamwebs.org/files/images/wallowa_hi_wet_bear_crk_view_ds_bridge_upper_end_survey_11-2-2012.jpg"
"5307","5306","Wed, 2010-10-20","sites/streamwebs.org/files/images/wet_wa_hi_2010_oct_bear_ck_us_view_lower_end_survey_020.jpg"
"5308","5306","Thu, 2011-10-27","sites/streamwebs.org/files/images/wallowa_hi_wet_bear_crk_view_us_lower_end_survey_10272011_4.jpg"
"5309","5306","Tue, 2012-10-30","sites/streamwebs.org/files/images/wallowa_hi_wet_bear_crk_us_view_lower_end_survey_10-30-2012.jpg"
"5311","5310","Thu, 2010-10-21","sites/streamwebs.org/files/images/wet_wa_hi_2010_oct_bear_ck_ds_view_lower_end_survey_021.jpg"
"5312","5310","Thu, 2011-10-27","sites/streamwebs.org/files/images/wallowa_hi_wet_bear_crk_view_ds_lower_end_survey_10272011_3.jpg"
"5313","5310","Tue, 2012-10-30","sites/streamwebs.org/files/images/wallowa_hi_wet_bear_crk_ds_view_from_lower_end_survey_10-30-2012.jpg"
"5345","5295","Tue, 2013-11-05","sites/streamwebs.org/files/images/wallowa_hi_wet_bear_crk_us_bridge_upper_survey_11-5-2013.jpg"
"5346","5301","Tue, 2013-11-05","sites/streamwebs.org/files/images/wallowa_hi_wet_beark_crk_view_ds_bridge_11-5-2013_0.jpg"
"5347","5306","Tue, 2013-11-05","sites/streamwebs.org/files/images/wallowa_hi_wet_beark_crk_view_us_lower_end_survey_11-5-2013.jpg"
"5348","5310","Tue, 2013-11-05","sites/streamwebs.org/files/images/wallowa_hi_wet_bear_crk_ds_view_from_lower_end_survey_11-5-2013.jpg"
"5349","5267","Tue, 2013-11-05","sites/streamwebs.org/files/images/wet_wallowa_hi_wallowa_r_ds_view_from_upper_end_survey_11-7-2013.jpg"
"5350","5273","Tue, 2013-11-05","sites/streamwebs.org/files/images/wet_wallowa_hi_wallowa_r_us_view_from_upper_end_survey_11-5-2013.jpg"
"5351","5280","Tue, 2013-11-05","sites/streamwebs.org/files/images/wet_wallowa_hi_wallowa_r_ds_view_lower_end_survey_11-5-2013.jpg"
"5352","5286","Tue, 2013-11-05","sites/streamwebs.org/files/images/wet_wallowa_hi_wallowa_r_us_view_lower_end_survey_11-5-2013.jpg"
"5370","5369","Wed, 2013-10-16","sites/streamwebs.org/files/images/wet_grande_ronde_lower_end_upstream_view_10162013.jpg"
"5372","5371","Wed, 2011-10-05","sites/streamwebs.org/files/images/grande_ronde_wet_lower_end_downstream_view_10052011.jpg"
"5373","5371","Wed, 2013-10-16","sites/streamwebs.org/files/images/grande_ronde_wet_lower_end_downstream_view_10162013.jpg"
"5376","5375","Wed, 2011-10-05","sites/streamwebs.org/files/images/grande_ronde_wet_upper_end_upstream_view_10052011.jpg"
"5377","5375","Wed, 2013-10-16","sites/streamwebs.org/files/images/grande_ronde_wet_upper_end_upstream_view_10162013.jpg"
"5379","5378","Wed, 2011-10-05","sites/streamwebs.org/files/images/grande_ronde_wet_upper_end_downstream_view_10052010.jpg"
"5380","5378","Wed, 2013-10-16","sites/streamwebs.org/files/images/grande_ronde_wet_upper_end_downstream_view_10162013_1.jpg"
"5410","2799","Wed, 2011-10-26","sites/streamwebs.org/files/images/imnaha_river_lower_end_ds_view_10262011.jpg"
"5411","2799","Thu, 2012-10-11","sites/streamwebs.org/files/images/imnaha_river_lower_end_point_looking_ds_10112012.jpg"
"5413","5412","Tue, 2008-04-08","sites/streamwebs.org/files/images/imnaha_river_lower_end_us_view_04082008.jpg"
"5414","5412","Mon, 2008-10-20","sites/streamwebs.org/files/images/imnaha_river_lower_end_us_view_10-20-2008.jpg"
"5415","5412","Thu, 2012-10-11","sites/streamwebs.org/files/images/imnaha_river_lower_end_point_looking_us_10112012.jpg"
"5416","2802","Mon, 2008-10-20","sites/streamwebs.org/files/images/imnaha_river_upper_end_us_view_10-20-2008.jpg"
"5417","2802","Thu, 2010-10-07","sites/streamwebs.org/files/images/imnaha_river_upper_end_us_view_10072010.jpg"
"5418","2802","Wed, 2011-10-26","sites/streamwebs.org/files/images/imnaha_river_upper_end_us_view_10262011.jpg"
"5419","2802","Thu, 2012-10-11","sites/streamwebs.org/files/images/imnaha_river_upper_end_point_looking_us_10112012.jpg"
"5421","5420","Tue, 2008-04-08","sites/streamwebs.org/files/images/imnaha_river_upper_end_ds_view_04082008.jpg"
"5422","5420","Tue, 2008-10-28","sites/streamwebs.org/files/images/imnaha_river_ds_view_from_upper_end_ds_view_10-20-2008.jpg"
"5423","5420","Thu, 2012-10-11","sites/streamwebs.org/files/images/imnaha_river_upper_end_point_looking_ds_10112012.jpg"
"5424","2830","Mon, 2008-10-20","sites/streamwebs.org/files/images/camp_crk_lower_end_survey_ds_view_10-20-2008.jpg"
"5425","2830","Thu, 2010-10-07","sites/streamwebs.org/files/images/camp_creek_lower_end_looking_ds_10072010.jpg"
"5426","2830","Wed, 2011-10-26","sites/streamwebs.org/files/images/camp_creek_lower_end_looking_ds_10262011.jpg"
"5427","2830","Tue, 2012-10-23","sites/streamwebs.org/files/images/camp_creek_lower_end_looking_ds_10182012.jpg"
"5429","5428","Tue, 2012-10-23","sites/streamwebs.org/files/images/camp_creek_lower_end_looking_us_10182012.jpg"
"5430","2834","Mon, 2008-10-20","sites/streamwebs.org/files/images/camp_crk_upper_end_ds_view_10-20-2008.jpg"
"5431","2834","Thu, 2012-10-18","sites/streamwebs.org/files/images/camp_creek_upper_end_looking_ds_10182012.jpg"
"5433","5432","Wed, 2008-10-08","sites/streamwebs.org/files/images/camp_crk_upper_end_us_view_10-20-2008.jpg"
"5434","5432","Thu, 2012-10-18","sites/streamwebs.org/files/images/camp_creek_upper_end_looking_us_10182012.jpg"
"5435","2708","Wed, 2013-10-16","sites/streamwebs.org/files/images/wenaha_lower_end_ds_view_10162013.jpg"
"5437","5436","Wed, 2011-10-26","sites/streamwebs.org/files/images/wenaha_lower_end_us_view_10262011.jpg"
"5438","5436","Wed, 2013-10-16","sites/streamwebs.org/files/images/wenaha_lower_end_us_view_10162013.jpg"
"5439","2708","Wed, 2011-10-26","sites/streamwebs.org/files/images/wenaha_lower_end_ds_view_10262011.jpg"
"5442","5441","Wed, 2011-10-05","sites/streamwebs.org/files/images/wenaha_upper_end_downstream_view_10052011.jpg"
"5443","5441","Wed, 2013-10-16","sites/streamwebs.org/files/images/wenaha_upper_end_downstream_view_10162013.jpg"
"5445","5444","Wed, 2011-10-05","sites/streamwebs.org/files/images/wenaha_upper_end_upstream_view_10052011.jpg"
"5446","5444","Wed, 2013-10-16","sites/streamwebs.org/files/images/wenaha_upper_end_upstream_view_10162013.jpg"
"5449","5448","Fri, 2014-01-10","sites/streamwebs.org/files/images/hydrangeas.jpg"
"5567","5566","Mon, 2009-03-30","sites/streamwebs.org/files/images/img_7991.jpg"
"5599","5590","Thu, 2014-03-13","sites/streamwebs.org/files/images/sofi.felix_.jpg"
"5601","5590","Fri, 2014-03-14","sites/streamwebs.org/files/images/mardi-gras-2013.jpg"
"5602","3376","Tue, 2014-10-28","sites/streamwebs.org/files/images/johi_wet_wallowa_r_ds_view_upper_end_survey_10282014.jpg"
"5672","5671","Mon, 2013-11-04","sites/streamwebs.org/files/images/dscn0193.jpg"
"5673","5671","Mon, 2013-11-04","sites/streamwebs.org/files/images/dscn0194.jpg"
"5678","5677","Mon, 2013-11-04","sites/streamwebs.org/files/images/dscn0197.jpg"
"5679","5677","Mon, 2013-11-04","sites/streamwebs.org/files/images/dscn0199.jpg"
"5681","5680","Mon, 2013-11-04","sites/streamwebs.org/files/images/dscn0200.jpg"
"5682","5680","Mon, 2013-11-04","sites/streamwebs.org/files/images/dscn0202.jpg"
"5685","5684","Mon, 2013-11-04","sites/streamwebs.org/files/images/dscn0203.jpg"
"5686","5684","Mon, 2013-11-04","sites/streamwebs.org/files/images/dscn0205.jpg"
"5688","5687","Mon, 2013-11-04","sites/streamwebs.org/files/images/dscn0206.jpg"
"5689","5687","Mon, 2013-11-04","sites/streamwebs.org/files/images/dscn0208.jpg"
"5691","5690","Mon, 2013-11-04","sites/streamwebs.org/files/images/dscn0213.jpg"
"5692","5690","Mon, 2013-11-04","sites/streamwebs.org/files/images/dscn0215.jpg"
"5695","5694","Mon, 2013-11-04","sites/streamwebs.org/files/images/dscn0221.jpg"
"5696","5694","Mon, 2013-11-04","sites/streamwebs.org/files/images/dscn0223.jpg"
"5698","5697","Mon, 2013-11-04","sites/streamwebs.org/files/images/dscn0224.jpg"
"5699","5697","Mon, 2013-11-04","sites/streamwebs.org/files/images/dscn0226.jpg"
"5702","5701","Mon, 2013-11-04","sites/streamwebs.org/files/images/dscn0229.jpg"
"5703","5701","Mon, 2013-11-04","sites/streamwebs.org/files/images/dscn0231.jpg"
"5705","5704","Mon, 2013-11-04","sites/streamwebs.org/files/images/dscn0232.jpg"
"5706","5704","Mon, 2013-11-04","sites/streamwebs.org/files/images/dscn0234.jpg"
"5709","5708","Mon, 2013-11-04","sites/streamwebs.org/files/images/dscn0239.jpg"
"5710","5708","Mon, 2013-11-04","sites/streamwebs.org/files/images/dscn0241.jpg"
"5713","5712","Mon, 2013-11-04","sites/streamwebs.org/files/images/dscn0249.jpg"
"5714","5712","Mon, 2013-11-04","sites/streamwebs.org/files/images/dscn0251.jpg"
"5716","5715","Mon, 2013-11-04","sites/streamwebs.org/files/images/dscn0252.jpg"
"5717","5715","Mon, 2013-11-04","sites/streamwebs.org/files/images/dscn0254.jpg"
"5719","5718","Mon, 2013-11-04","sites/streamwebs.org/files/images/dscn0255.jpg"
"5720","5718","Mon, 2013-11-04","sites/streamwebs.org/files/images/dscn0257_0.jpg"
"5723","5722","Mon, 2013-11-04","sites/streamwebs.org/files/images/dscn0260.jpg"
"5724","5722","Mon, 2013-11-04","sites/streamwebs.org/files/images/dscn0262.jpg"
"5726","5725","Mon, 2013-11-04","sites/streamwebs.org/files/images/g2_sign.jpg"
"5727","5725","Mon, 2013-11-04","sites/streamwebs.org/files/images/dscn0264.jpg"
"5730","5729","Mon, 2013-11-04","sites/streamwebs.org/files/images/dscn0268.jpg"
"5731","5729","Mon, 2013-11-04","sites/streamwebs.org/files/images/dscn0270.jpg"
"5733","5732","Mon, 2013-11-04","sites/streamwebs.org/files/images/dscn0272.jpg"
"5734","5732","Mon, 2013-11-04","sites/streamwebs.org/files/images/dscn0274.jpg"
"5737","5736","Mon, 2013-11-04","sites/streamwebs.org/files/images/dscn0277.jpg"
"5738","5736","Mon, 2013-11-04","sites/streamwebs.org/files/images/dscn0278.jpg"
"5740","5739","Mon, 2013-11-04","sites/streamwebs.org/files/images/dscn0279.jpg"
"5741","5739","Mon, 2013-11-04","sites/streamwebs.org/files/images/dscn0281.jpg"
"5743","5742","Mon, 2013-11-04","sites/streamwebs.org/files/images/dscn0285.jpg"
"5744","5742","Mon, 2013-11-04","sites/streamwebs.org/files/images/dscn0287.jpg"
"5749","5671","Thu, 2014-03-06","sites/streamwebs.org/files/images/dscn7191.jpg"
"5750","5671","Thu, 2014-03-06","sites/streamwebs.org/files/images/dscn7192.jpg"
"5751","5677","Thu, 2014-03-06","sites/streamwebs.org/files/images/dscn7193.jpg"
"5752","5677","Thu, 2014-03-06","sites/streamwebs.org/files/images/dscn7196.jpg"
"5753","5680","Thu, 2014-03-06","sites/streamwebs.org/files/images/dscn7197_0.jpg"
"5754","5680","Thu, 2014-03-06","sites/streamwebs.org/files/images/dscn7198.jpg"
"5755","5684","Thu, 2014-03-06","sites/streamwebs.org/files/images/dscn7200.jpg"
"5756","5684","Thu, 2014-03-06","sites/streamwebs.org/files/images/dscn7199.jpg"
"5757","5687","Thu, 2014-03-06","sites/streamwebs.org/files/images/dscn7205.jpg"
"5758","5687","Thu, 2014-03-06","sites/streamwebs.org/files/images/dscn7201.jpg"
"5759","5690","Thu, 2014-03-06","sites/streamwebs.org/files/images/dscn7208.jpg"
"5760","5690","Thu, 2014-03-06","sites/streamwebs.org/files/images/dscn7207.jpg"
"5761","5694","Thu, 2014-03-06","sites/streamwebs.org/files/images/dscn7213.jpg"
"5762","5694","Thu, 2014-03-06","sites/streamwebs.org/files/images/dscn7210.jpg"
"5763","5697","Thu, 2014-03-06","sites/streamwebs.org/files/images/dscn7215.jpg"
"5764","5697","Thu, 2014-03-06","sites/streamwebs.org/files/images/dscn7214.jpg"
"5765","5701","Thu, 2014-03-06","sites/streamwebs.org/files/images/dscn7217.jpg"
"5766","5701","Thu, 2014-03-06","sites/streamwebs.org/files/images/dscn7216.jpg"
"5767","5704","Thu, 2014-03-06","sites/streamwebs.org/files/images/dscn7219.jpg"
"5768","5704","Thu, 2014-03-06","sites/streamwebs.org/files/images/dscn7218.jpg"
"5769","5712","Thu, 2014-03-13","sites/streamwebs.org/files/images/dscn7179.jpg"
"5770","5712","Thu, 2014-03-13","sites/streamwebs.org/files/images/dscn7180.jpg"
"5771","5715","Thu, 2014-03-13","sites/streamwebs.org/files/images/dscn7177.jpg"
"5772","5715","Thu, 2014-03-13","sites/streamwebs.org/files/images/dscn7176.jpg"
"5773","5718","Thu, 2014-03-13","sites/streamwebs.org/files/images/dscn7181.jpg"
"5774","5722","Thu, 2014-03-13","sites/streamwebs.org/files/images/dscn7182.jpg"
"5775","5722","Thu, 2014-03-13","sites/streamwebs.org/files/images/dscn7184.jpg"
"5776","5725","Thu, 2014-03-13","sites/streamwebs.org/files/images/dscn7187.jpg"
"5777","5725","Thu, 2014-03-13","sites/streamwebs.org/files/images/dscn7185.jpg"
"5778","5729","Thu, 2014-03-13","sites/streamwebs.org/files/images/dscn7194.jpg"
"5779","5729","Thu, 2014-03-13","sites/streamwebs.org/files/images/dscn7193_0.jpg"
"5780","5732","Thu, 2014-03-13","sites/streamwebs.org/files/images/dscn7197_2.jpg"
"5781","5732","Thu, 2014-03-13","sites/streamwebs.org/files/images/dscn7195.jpg"
"5831","5819","Wed, 2014-03-12","sites/streamwebs.org/files/images/dscn7154.jpg"
"5832","5819","Wed, 2014-03-12","sites/streamwebs.org/files/images/dscn7151.jpg"
"5833","5820","Wed, 2014-03-12","sites/streamwebs.org/files/images/dscn7156.jpg"
"5834","5820","Wed, 2014-03-12","sites/streamwebs.org/files/images/dscn7155.jpg"
"5835","5821","Wed, 2014-03-12","sites/streamwebs.org/files/images/dscn7159.jpg"
"5836","5825","Wed, 2014-03-12","sites/streamwebs.org/files/images/dscn7166.jpg"
"5837","5825","Wed, 2014-03-12","sites/streamwebs.org/files/images/dscn7165.jpg"
"5838","5826","Wed, 2014-03-12","sites/streamwebs.org/files/images/dscn7168.jpg"
"5839","5826","Wed, 2014-03-12","sites/streamwebs.org/files/images/dscn7167.jpg"
"5840","5827","Wed, 2014-03-12","sites/streamwebs.org/files/images/dscn7170.jpg"
"5841","5827","Wed, 2014-03-12","sites/streamwebs.org/files/images/dscn7169.jpg"
"5846","5810","Thu, 2013-02-14","sites/streamwebs.org/files/images/dscf1407.jpg"
"5847","5810","Thu, 2014-02-27","sites/streamwebs.org/files/images/dscn7017.jpg"
"5848","5810","Thu, 2014-02-27","sites/streamwebs.org/files/images/dscn7019.jpg"
"5849","5811","Thu, 2014-02-27","sites/streamwebs.org/files/images/dscn7022.jpg"
"5850","5811","Thu, 2014-02-27","sites/streamwebs.org/files/images/dscn7024.jpg"
"5851","5812","Thu, 2014-02-27","sites/streamwebs.org/files/images/dscn7025.jpg"
"5852","5812","Thu, 2014-02-27","sites/streamwebs.org/files/images/dscn7028.jpg"
"5853","5813","Thu, 2014-02-27","sites/streamwebs.org/files/images/dscn7029.jpg"
"5854","5813","Thu, 2014-02-27","sites/streamwebs.org/files/images/dscn7031.jpg"
"5855","5814","Thu, 2013-02-14","sites/streamwebs.org/files/images/dscf1413.jpg"
"5856","5814","Thu, 2013-02-14","sites/streamwebs.org/files/images/dscf1412.jpg"
"5857","5814","Thu, 2014-02-27","sites/streamwebs.org/files/images/dscn7032.jpg"
"5858","5814","Thu, 2014-02-27","sites/streamwebs.org/files/images/dscn7034.jpg"
"5859","5817","Thu, 2013-02-14","sites/streamwebs.org/files/images/dscf1417.jpg"
"5860","5815","Thu, 2014-02-27","sites/streamwebs.org/files/images/dscn7035.jpg"
"5861","5817","Thu, 2014-02-27","sites/streamwebs.org/files/images/dscn7038.jpg"
"5862","5815","Thu, 2014-02-27","sites/streamwebs.org/files/images/dscn7036.jpg"
"5863","5817","Thu, 2014-02-27","sites/streamwebs.org/files/images/dscn7039.jpg"
"5864","5818","Thu, 2014-02-27","sites/streamwebs.org/files/images/dscn7043.jpg"
"5865","5818","Thu, 2014-02-27","sites/streamwebs.org/files/images/dscn7045.jpg"
"5866","5820","Thu, 2013-02-14","sites/streamwebs.org/files/images/dscf1419.jpg"
"5878","5822","Sun, 2012-01-01","sites/streamwebs.org/files/images/dscf1421.jpg"
"5879","5828","Sun, 2012-01-01","sites/streamwebs.org/files/images/dscf1427.jpg"
"5880","5828","Wed, 2014-03-12","sites/streamwebs.org/files/images/dscn7066.jpg"
"5881","5828","Wed, 2014-03-12","sites/streamwebs.org/files/images/dscn7063.jpg"
"5882","5829","Wed, 2014-03-12","sites/streamwebs.org/files/images/dscn7069.jpg"
"5883","5829","Wed, 2014-03-12","sites/streamwebs.org/files/images/dscn7067.jpg"
"5884","5830","Wed, 2014-03-12","sites/streamwebs.org/files/images/dscn7071.jpg"
"5885","5830","Wed, 2014-03-12","sites/streamwebs.org/files/images/dscn7070.jpg"
"5890","5889","Fri, 2014-04-11","sites/streamwebs.org/files/images/cp.1.site_.0_10.jpg"
"5895","5894","Fri, 2014-04-11","sites/streamwebs.org/files/images/cp.1.site_.cb_.jpg"
"5897","5896","Fri, 2014-04-11","sites/streamwebs.org/files/images/cp.2.site_.cb_.jpg"
"6015","6008","Mon, 2013-10-21","sites/streamwebs.org/files/images/10.21.13.jpg"
"6016","6009","Mon, 2013-10-21","sites/streamwebs.org/files/images/dharma_10-21-13_2.jpg"
"6017","6011","Mon, 2013-10-21","sites/streamwebs.org/files/images/dharma_10-21-13_3.jpg"
"6018","6010","Mon, 2013-10-21","sites/streamwebs.org/files/images/dharma_10-21-13_4.jpg"
"6019","6008","Fri, 2009-11-06","sites/streamwebs.org/files/images/11.6_1_.jpg"
"6020","6009","Wed, 2013-11-06","sites/streamwebs.org/files/images/11.6_2_.jpg"
"6021","6011","Wed, 2013-11-06","sites/streamwebs.org/files/images/11.6_3_.jpg"
"6022","6010","Wed, 2013-11-06","sites/streamwebs.org/files/images/11.6_4_.jpg"
"6023","6013","Wed, 2013-11-06","sites/streamwebs.org/files/images/11.6_5_.jpg"
"6024","6012","Wed, 2013-11-06","sites/streamwebs.org/files/images/11.6_6_.jpg"
"6028","6008","Thu, 2014-03-13","sites/streamwebs.org/files/images/dharma_12.jpg"
"6080","6076","Tue, 2014-05-13","sites/streamwebs.org/files/images/dscn7073.jpg"
"6081","6076","Tue, 2014-05-13","sites/streamwebs.org/files/images/dscn7073_0.jpg"
"6082","6077","Tue, 2014-05-13","sites/streamwebs.org/files/images/dscn7075.jpg"
"6083","6079","Tue, 2014-05-13","sites/streamwebs.org/files/images/dscn7077.jpg"
"6084","6079","Tue, 2014-05-13","sites/streamwebs.org/files/images/dscn7076.jpg"
"6107","6104","Tue, 2014-05-13","sites/streamwebs.org/files/images/dscn7204.jpg"
"6108","6104","Tue, 2014-05-13","sites/streamwebs.org/files/images/dscn7202.jpg"
"6109","6105","Tue, 2014-05-13","sites/streamwebs.org/files/images/dscn7205_0.jpg"
"6110","6105","Tue, 2014-05-13","sites/streamwebs.org/files/images/dscn7207_0.jpg"
"6111","6106","Tue, 2014-05-13","sites/streamwebs.org/files/images/dscn7210_0.jpg"
"6112","6106","Tue, 2014-05-13","sites/streamwebs.org/files/images/dscn7208_0.jpg"
"6117","6114","Tue, 2014-05-13","sites/streamwebs.org/files/images/dscn7080.jpg"
"6118","6114","Tue, 2014-05-13","sites/streamwebs.org/files/images/dscn7079.jpg"
"6119","6115","Tue, 2014-05-13","sites/streamwebs.org/files/images/dscn7082.jpg"
"6120","6115","Tue, 2014-05-13","sites/streamwebs.org/files/images/dscn7081.jpg"
"6121","6116","Tue, 2014-05-13","sites/streamwebs.org/files/images/dscn7085.jpg"
"6122","6116","Tue, 2014-05-13","sites/streamwebs.org/files/images/dscn7084.jpg"
"6125","6124","Tue, 2014-05-13","sites/streamwebs.org/files/images/dscn7213_0.jpg"
"6126","6124","Tue, 2014-05-13","sites/streamwebs.org/files/images/dscn7211.jpg"
"6131","6128","Tue, 2014-05-13","sites/streamwebs.org/files/images/dscn7215_0.jpg"
"6132","6128","Tue, 2014-05-13","sites/streamwebs.org/files/images/dscn7214_1.jpg"
"6133","6129","Tue, 2014-05-13","sites/streamwebs.org/files/images/dscn7219_0.jpg"
"6134","6129","Tue, 2014-05-13","sites/streamwebs.org/files/images/dscn7217_0.jpg"
"6135","6130","Tue, 2014-05-13","sites/streamwebs.org/files/images/dscn7223.jpg"
"6136","6130","Tue, 2014-05-13","sites/streamwebs.org/files/images/dscn7220.jpg"
"6282","2830","Tue, 2013-11-12","sites/streamwebs.org/files/images/camp_creek_lower_end_ds_view_11122013.jpg"
"6283","5428","Tue, 2013-11-12","sites/streamwebs.org/files/images/camp_creek_lower_end_us_11122013.jpg"
"6284","2834","Tue, 2013-11-12","sites/streamwebs.org/files/images/camp_creek_upper_end_ds_view_11122013.jpg"
"6285","5432","Tue, 2013-11-12","sites/streamwebs.org/files/images/camp_creek_upper_end_us_view_11122013.jpg"
"6286","2799","Tue, 2013-11-12","sites/streamwebs.org/files/images/imnaha_river_lower_end_ds_view_11122013_0.jpg"
"6287","5412","Tue, 2013-11-12","sites/streamwebs.org/files/images/imnaha_river_lower_end_us_view_11122013.jpg"
"6288","2802","Tue, 2013-11-12","sites/streamwebs.org/files/images/imnaha_river_upper_end_us_view_11122013.jpg"
"6289","5420","Tue, 2013-11-12","sites/streamwebs.org/files/images/imnaha_river_upper_end_ds_view_11122013.jpg"
"6388","2708","Wed, 2014-10-08","sites/streamwebs.org/files/images/wenaha_lower_end_ds_view_10082014.jpg"
"6389","5436","Wed, 2014-10-08","sites/streamwebs.org/files/images/wenaha_lower_end_us_view_10082014.jpg"
"6391","5441","Wed, 2014-10-08","sites/streamwebs.org/files/images/wenaha_upper_end_downstream_view_10082014.jpg"
"6393","5444","Wed, 2014-10-08","sites/streamwebs.org/files/images/wenaha_upper_end_upstream_view_10082014.jpg"
"6397","5267","Tue, 2014-10-14","sites/streamwebs.org/files/images/wet_wallowa_hi_wallowa_r_ds_view_upper_end_10-14-2014.jpg"
"6398","5273","Tue, 2014-10-14","sites/streamwebs.org/files/images/wet_wallowa_hi_wallowa_r_us_view_upper_end_10-14-2014.jpg"
"6399","5280","Tue, 2014-10-14","sites/streamwebs.org/files/images/wet_wallowa_hi_wallowa_r_ds_view_lower_end_survey_10-14-2014.jpg"
"6400","5286","Tue, 2014-10-14","sites/streamwebs.org/files/images/wet_wallowa_hi_wallowa_r_us_view_lower_end_survey_10-14-2014.jpg"
"6401","5295","Tue, 2014-10-14","sites/streamwebs.org/files/images/wallowa_hi_wet_bear_crk_us_bridge_upper_survey_10-14-2014.jpg"
"6402","5301","Tue, 2014-10-14","sites/streamwebs.org/files/images/wallowa_hi_wet_bear_crk_view_ds_bridge_upper_end_10142014.jpg"
"6403","5306","Tue, 2014-10-14","sites/streamwebs.org/files/images/wallowa_hi_wet_bear_crk_us_view_lower_end_10142014.jpg"
"6404","5310","Tue, 2014-10-14","sites/streamwebs.org/files/images/wallowa_hi_wet_bear_crk_ds_view_lower_end_10142014.jpg"
"6547","4492","Tue, 2013-10-22","sites/streamwebs.org/files/images/wet_ent_6th_prairie_ck_ds_view_lower_end_survey_10222013.jpg"
"6548","4492","Thu, 2014-10-23","sites/streamwebs.org/files/images/wet_ent_6th_prairie_ck_ds_view_lower_end_10232014.jpg"
"6549","4497","Tue, 2013-10-22","sites/streamwebs.org/files/images/wet_ent_6th_prairie_crk_us_lower_end_survey_10222013.jpg"
"6550","4497","Thu, 2014-10-23","sites/streamwebs.org/files/images/wet_ent_6th_prairie_ck_lower_end_us_view_10232014.jpg"
"6551","4505","Wed, 2013-10-23","sites/streamwebs.org/files/images/wet_ent_6th_prairie_ck_ds_view_upper_end_survey_10222013_1.jpg"
"6552","4505","Thu, 2014-10-23","sites/streamwebs.org/files/images/wet_ent_6th_prairie_ck_ds_view_upper_end_10232014.jpg"
"6553","4511","Tue, 2013-10-22","sites/streamwebs.org/files/images/wet_ent_6th_prairie_ck_us_view_upper_end_survey_10222013_1.jpg"
"6554","4511","Thu, 2014-10-23","sites/streamwebs.org/files/images/wet_ent_6th_prairie_ck_us_view_upper_end_10232014.jpg"
"6581","3370","Thu, 2014-10-30","sites/streamwebs.org/files/images/johi_wet_wallowa_r_ds_view_lower_end_survey_10302014.jpg"
"6582","3372","Tue, 2014-10-28","sites/streamwebs.org/files/images/johi_wet_wallowa_r_us_view_lower_end_survey_10282014.jpg"
"6583","3380","Thu, 2014-10-30","sites/streamwebs.org/files/images/johi_wet_us_view_upper_end_survey_1030214.jpg"
"6607","3394","Tue, 2014-10-28","sites/streamwebs.org/files/images/johi_wet_us_view_low_end_survey_10282014.jpg"
"6608","3397","Tue, 2014-10-28","sites/streamwebs.org/files/images/johi_wet_prairie_ck_ds_view_lower_end_survey_10282014.jpg"
"6609","3400","Tue, 2014-10-28","sites/streamwebs.org/files/images/johi_wet_ds_view_from_upper_end_survey_10282014.jpg"
"6610","3593","Tue, 2014-10-28","sites/streamwebs.org/files/images/johi_wet_us_view_upper_end_survey_10282014.jpg"
"6611","2799","Tue, 2014-10-07","sites/streamwebs.org/files/images/imnaha_river_lower_end_ds_view_10072014.jpg"
"6612","5412","Tue, 2014-10-07","sites/streamwebs.org/files/images/imnaha_river_lower_end_us_view_10072014.jpg"
"6613","2802","Tue, 2014-10-07","sites/streamwebs.org/files/images/imnaha_river_upper_end_us_view_10072014.jpg"
"6614","5420","Tue, 2014-10-07","sites/streamwebs.org/files/images/imnaha_river_upper_end_ds_view_10072014.jpg"
"6615","2830","Tue, 2014-10-07","sites/streamwebs.org/files/images/camp_creek_lower_end_ds_view_10072014.jpg"
"6616","5428","Tue, 2014-10-07","sites/streamwebs.org/files/images/camp_creek_lower_end_us_10072014.jpg"
"6617","2834","Tue, 2014-10-07","sites/streamwebs.org/files/images/camp_creek_upper_end_ds_view_10072014.jpg"
"6618","5432","Tue, 2014-10-07","sites/streamwebs.org/files/images/camp_creek_upper_end_us_view_10072014.jpg"
"6619","5369","Wed, 2014-10-08","sites/streamwebs.org/files/images/grande_ronde_lower_end_us_view_10082014.jpg"
"6620","5371","Wed, 2014-10-08","sites/streamwebs.org/files/images/grande_ronde_wet_lower_end_downstream_view_10082014.jpg"
"6621","5375","Wed, 2014-10-08","sites/streamwebs.org/files/images/grande_ronde_wet_upper_end_upstream_view_10082014.jpg"
"6622","5378","Wed, 2014-10-08","sites/streamwebs.org/files/images/grande_ronde_wet_upper_end_downstream_view_10082014.jpg"
"6633","6632","Tue, 2014-10-21","sites/streamwebs.org/files/images/wallowa_river_upper_end_ds_view_10212014.jpg"
"6635","6634","Tue, 2014-10-21","sites/streamwebs.org/files/images/wallowa_river_upper_end_us_view_10212014.jpg"
"6638","6637","Tue, 2014-10-21","sites/streamwebs.org/files/images/wallowa_river_lower_end_ds_view_10212014.jpg"
"6640","6639","Tue, 2014-10-21","sites/streamwebs.org/files/images/wallowa_river_lower_end_us_view_10212014.jpg"
"6655","6654","Tue, 2014-10-21","sites/streamwebs.org/files/images/lostine_river_lower_end_ds_view_10212014.jpg"
"6657","6656","Tue, 2014-10-21","sites/streamwebs.org/files/images/lostine_river_lower_end_us_view_10212014.jpg"
"6660","6659","Tue, 2014-10-21","sites/streamwebs.org/files/images/lostine_river_upper_end_us_view_10212014.jpg"
"6662","6661","Tue, 2014-10-21","sites/streamwebs.org/files/images/lostine_river_upper_end_ds_view_10212014.jpg"
"6674","6673","Fri, 2014-12-19","sites/streamwebs.org/files/images/small.frog_.palm_.rainbow.jpg"
"6694","5468","Sun, 2014-12-21","sites/streamwebs.org/files/images/balestrino-ligury-italy-cuboimages-srl-alamy.jpg"
"6695","1813","Wed, 2014-12-24","sites/streamwebs.org/files/images/moon-resized.jpg"
"6696","1813","Tue, 2014-12-30","sites/streamwebs.org/files/images/moon-resized.jpg"
"6697","1813","Sun, 2014-12-28","sites/streamwebs.org/files/images/20141226_135605.jpg"
"6698","1814","Sun, 2014-12-28","sites/streamwebs.org/files/images/20120306_175206.jpg"
"6699","1813","Sun, 2014-12-28","sites/streamwebs.org/files/images/20141226_150648.jpg"
"6705","6704","Thu, 2009-12-31","sites/streamwebs.org/files/images/princess-felix-2.jpg"
"6706","4825","Thu, 2009-12-31","sites/streamwebs.org/files/images/snake.rainbow.jpg"
"6707","1813","Tue, 2014-12-30","sites/streamwebs.org/files/images/20120306_175414.jpg"
"6710","1813","Tue, 2014-12-30","sites/streamwebs.org/files/images/20120203_070558.jpg"
"6712","5814","Tue, 2009-12-15","sites/streamwebs.org/files/images/wasp.nest_.rainbow.jpg"
"6713","6673","Tue, 2009-12-22","sites/streamwebs.org/files/images/19861_1311082009709_2209950_n.jpg"
"6715","1813","Tue, 2014-12-30","sites/streamwebs.org/files/images/20120219_135856.jpg"
"6718","1813","Tue, 2014-12-30","sites/streamwebs.org/files/images/20120204_200307.jpg"
"6719","6673","Thu, 2009-12-31","sites/streamwebs.org/files/images/felix-sia-hands.jpg"
"8351","8341","Tue, 2015-06-02","sites/streamwebs.org/files/images/image1_0.jpg"
"8356","8346","Tue, 2015-06-02","sites/streamwebs.org/files/images/image2_0.jpg"
"8366","8361","Tue, 2015-06-02","sites/streamwebs.org/files/images/maxfield_creek_0.jpg"
"9016","5295","Thu, 2015-10-08","sites/streamwebs.org/files/images/wallowa_hi_wet_bear_crk_us_bridge_upper_survey_10-8-2015.jpg"
"9021","5301","Thu, 2015-10-08","sites/streamwebs.org/files/images/wallowa_hi_wet_bear_crk_view_ds_bridge_10082015.jpg"
"9026","5306","Thu, 2015-10-08","sites/streamwebs.org/files/images/wallowa_hi_wet_bear_crk_view_us_lower_end_survey_10082015.jpg"
"9031","5310","Thu, 2015-10-08","sites/streamwebs.org/files/images/wallowa_hi_wet_bear_crk_ds_view_from_lower_end_survey_10082015.jpg"
"9036","5267","Wed, 2015-10-07","sites/streamwebs.org/files/images/wet_wallowa_hi_wallowa_r_ds_view_upper_end_10-7-2015.jpg"
"9041","5273","Wed, 2015-10-07","sites/streamwebs.org/files/images/wet_wallowa_hi_wallowa_r_us_view_upper_end_10-7-2015.jpg"
"9046","5280","Thu, 2015-10-08","sites/streamwebs.org/files/images/wet_wallowa_hi_wallow_r_ds_view_lower_end_survey_10-8-2015.jpg"
"9051","5286","Wed, 2015-10-07","sites/streamwebs.org/files/images/wet_wallowa_hi_wallowa_r_us_view_lower_end_survey_10-7-2015.jpg"
"9086","3370","Wed, 2015-10-21","sites/streamwebs.org/files/images/johi_wet_wallowa_r_ds_view_lower_end_survey_10212015.jpg"
"9091","3372","Wed, 2015-10-21","sites/streamwebs.org/files/images/johi_wet_wallowa_r_us_from_lower_end_survey_10212015.jpg"
"9096","3376","Wed, 2015-10-21","sites/streamwebs.org/files/images/johi_wet_wallowa_r_ds_view_upper_end_survey_10212015.jpg"
"9101","3380","Wed, 2015-10-21","sites/streamwebs.org/files/images/johi_wet_wallowa_r_us_view_upper_end_survey_10212015.jpg"
"9106","3394","Wed, 2015-10-21","sites/streamwebs.org/files/images/johi_wet_prairiecrk_us_view_lower_end_survey_10212015.jpg"
"9111","3397","Wed, 2015-10-21","sites/streamwebs.org/files/images/johi_wet_prairie_ck_ds_view_lower_end_survey_10212015.jpg"
"9116","3400","Wed, 2015-10-21","sites/streamwebs.org/files/images/johi_wet_ds_view_upper_end_survey_10212015.jpg"
"9121","3593","Wed, 2015-10-21","sites/streamwebs.org/files/images/johi_wet_us_view_upper_end_survey_10212015.jpg"
"9226","6632","Thu, 2015-10-15","sites/streamwebs.org/files/images/wallowa_river_upper_end_ds_view_10152015.jpg"
"9231","6634","Thu, 2015-10-15","sites/streamwebs.org/files/images/wallowa_river_upper_end_us_view_10152015.jpg"
"9236","6637","Thu, 2015-10-15","sites/streamwebs.org/files/images/wallowa_river_lower_end_ds_view_10152015.jpg"
"9241","6639","Thu, 2015-10-15","sites/streamwebs.org/files/images/wallowa_river_lower_end_us_view_10152015.jpg"
"9246","6654","Thu, 2015-10-15","sites/streamwebs.org/files/images/lostine_river_lower_end_ds_view_10152015.jpg"
"9251","6656","Thu, 2015-10-15","sites/streamwebs.org/files/images/lostine_river_lower_end_us_view_10152015.jpg"
"9256","6659","Thu, 2015-10-15","sites/streamwebs.org/files/images/lostine_river_upper_end_us_view_10152015.jpg"
"9261","6661","Thu, 2015-10-15","sites/streamwebs.org/files/images/lostine_river_upper_end_ds_view_10152015.jpg"
"9306","4492","Tue, 2015-10-27","sites/streamwebs.org/files/images/wet_ent_6th_prairie_ck_ds_view_from_lower_end_survey_10272015.jpg"
"9311","4497","Tue, 2015-10-27","sites/streamwebs.org/files/images/wet_ent_6th_prairie_ck_lower_end_us_view_10272015.jpg"
"9316","4505","Tue, 2015-10-27","sites/streamwebs.org/files/images/wet_ent_6th_prairie_ck_ds_view_upper_end_10272015.jpg"
"9321","4511","Tue, 2015-10-27","sites/streamwebs.org/files/images/wet_ent_6th_prairie_ck_us_view_upper_end_10272015.jpg"
"9326","5031","Tue, 2015-10-27","sites/streamwebs.org/files/images/wet_ent_6th_wallowa_r_ds_view_upper_end_survey_10272015.jpg"
"9331","5031","Wed, 2008-10-08","sites/streamwebs.org/files/images/enterprise_hi_wallowa_river_ds_view_from_upper_end_survey_10-8-2008.jpg"
"9336","5031","Tue, 2008-04-08","sites/streamwebs.org/files/images/wet_ent_hi_wallowa_r_ds_view_from_upperend_survey_4-8-2008_015.jpg"
"9341","5031","Wed, 2009-04-15","sites/streamwebs.org/files/images/wet-ent_sch_6th_wallowa_r_ds_view_upper_end_survey_4-15-2009.jpg"
"9346","5031","Tue, 2010-11-02","sites/streamwebs.org/files/images/wet_ent_hi_ds_view_upper_end_survey_wallowa_r_11-2-2010_013.jpg"
"9351","5031","Wed, 2011-11-09","sites/streamwebs.org/files/images/wet_ent_hi_wallowa_r_ds_view_upper_end_survey_11092011.jpg"
"9356","5031","Thu, 2012-10-25","sites/streamwebs.org/files/images/wet_ent_6th_wallowa_r_ds_view_upper_end_survey_10252012.jpg"
"9361","5031","Tue, 2013-10-22","sites/streamwebs.org/files/images/wet_ent_6th_wallowa_r_ds_view_upper_end_survey_10222013.jpg"
"9366","5031","Thu, 2014-10-23","sites/streamwebs.org/files/images/wet_ent_6th_wallowa_r_ds_view_upper_end_survey_10232014.jpg"
"9371","5032","Wed, 2008-10-08","sites/streamwebs.org/files/images/wet_ent_hi_wallowa_r_us_vew_from_upper_end_survey_10-8-2008.jpg"
"9376","5032","Tue, 2010-11-09","sites/streamwebs.org/files/images/wet_ent_hi_us_vew_upper_end_survey_wallowa_r_11-2-2010_014.jpg"
"9381","5032","Wed, 2011-11-09","sites/streamwebs.org/files/images/wet_ent_hi_wallowa_r_us_view_upper_end_survey_11092011.jpg"
"9386","5032","Thu, 2012-10-25","sites/streamwebs.org/files/images/wet_ent_6th_wallowa_r_us_view_from_upper_end_survey_10252012.jpg"
"9391","5032","Wed, 2013-10-23","sites/streamwebs.org/files/images/wet_ent_6th_wallowa_r_us_view_upper_end_survey_10222013.jpg"
"9396","5032","Thu, 2014-10-23","sites/streamwebs.org/files/images/wet_ent_6th_wallowa_r_us_view_upper_end_survey_10232014.jpg"
"9401","5032","Tue, 2015-10-27","sites/streamwebs.org/files/images/wet_ent_6th_wallowa_r_us_view_upper_end_survey_10272015.jpg"
"9406","5034","Wed, 2008-10-08","sites/streamwebs.org/files/images/enterprise_hi_wallowa_river_monitoring_us_view_from_lower_end_survey_10-8-2008.jpg"
"9411","5034","Tue, 2008-04-08","sites/streamwebs.org/files/images/wet_ent_hi_wallowa_r_us_view_from_lowerend_survey_4-8-2008_011.jpg"
"9416","5034","Wed, 2009-04-15","sites/streamwebs.org/files/images/wet_ent_hi_us_view_lower_end_survey_wallowa_r_4-15-2009.jpg"
"9421","5034","Tue, 2010-11-02","sites/streamwebs.org/files/images/wet_ent_hi_us_view_lower_end_survey_wallowa_r_11-2-2010_011.jpg"
"9426","5034","Wed, 2011-11-09","sites/streamwebs.org/files/images/wet_ent_hi_wallowa_r_us_view_lower_end_survey_11092011.jpg"
"9431","5034","Thu, 2012-10-25","sites/streamwebs.org/files/images/wet_ent_6th_wallowa_r_us_view_lower_end_survey_10252012.jpg"
"9436","5034","Tue, 2013-10-22","sites/streamwebs.org/files/images/wet_ent_6th_wallowa_r_us_view_lower_end_survey_10222013.jpg"
"9441","5034","Fri, 2014-10-24","sites/streamwebs.org/files/images/wet_ent_6th_wallowa_r_us_view_lower_end_survey_10232014.jpg"
"9446","5034","Tue, 2015-10-27","sites/streamwebs.org/files/images/wet_ent_6th_wallowa_us_view_lower_end_survey_10272015.jpg"
"9451","5035","Wed, 2008-10-08","sites/streamwebs.org/files/images/enterprise_hi_wallowa_river_monitoring_ds_view_lower_end_survey_10-8-2008.jpg"
"9456","5035","Wed, 2009-04-15","sites/streamwebs.org/files/images/wet-ent_sch_6th_wallowa_r_ds_view_lower_end_survey_4-15-2009.jpg"
"9461","5035","Tue, 2010-11-02","sites/streamwebs.org/files/images/wet_ent_hi_ds_view_lower_end_survey_wallowa_r_11-2-2010_010.jpg"
"9466","5035","Wed, 2011-11-09","sites/streamwebs.org/files/images/wet_ent_hi_wallowa_r_ds_view_lower_end_survey_11092011.jpg"
"9471","5035","Thu, 2012-10-25","sites/streamwebs.org/files/images/wet_ent_6th_wallowa_r_ds_view_lower_end_survey_10252012.jpg"
"9476","5034","Tue, 2013-10-22","sites/streamwebs.org/files/images/wet_ent_6th_wallowa_r_ds_view_lower_end_survey_1022013.jpg"
"9481","5035","Tue, 2015-10-27","sites/streamwebs.org/files/images/wet_ent_6th_wallowa_r_ds_view_lower_end_survey_1022013_0.jpg"
"9486","5035","Fri, 2014-10-24","sites/streamwebs.org/files/images/wet_ent_6th_wallowa_r_ds_view_lower_end_survey_10232014.jpg"
"9491","5035","Tue, 2015-10-27","sites/streamwebs.org/files/images/wet_ent_6th_wallowa_r_ds_view_lower_end_survey_10272015.jpg"
"11986","11981","Tue, 2016-04-12","sites/streamwebs.org/files/images/tma1.jpg"
"11991","11981","Tue, 2016-04-12","sites/streamwebs.org/files/images/a2_0.jpg"
"12361","12346","Thu, 2016-05-26","sites/streamwebs.org/files/images/img_0098.jpg"
"12366","12351","Thu, 2016-05-26","sites/streamwebs.org/files/images/img_0100.jpg"
"12371","12356","Thu, 2016-05-26","sites/streamwebs.org/files/images/img_0102.jpg"
"36331","2830","Tue, 2016-09-27","sites/streamwebs.org/files/images/camp_creek_lower_end_ds_view_09272016.jpg"
"36336","5428","Tue, 2016-09-27","sites/streamwebs.org/files/images/camp_creek_lower_end_us_09272016.jpg"
"36341","2834","Tue, 2016-09-27","sites/streamwebs.org/files/images/camp_creek_upper_end_ds_view_09272016.jpg"
"36346","5432","Tue, 2016-09-27","sites/streamwebs.org/files/images/camp_creek_upper_end_us_view_09272016.jpg"
"36351","2799","Tue, 2016-09-27","sites/streamwebs.org/files/images/imnaha_river_lower_end_ds_view_09272016.jpg"
"36356","5412","Tue, 2016-09-27","sites/streamwebs.org/files/images/imnaha_river_lower_end_us_view_09272016.jpg"
"36361","2802","Tue, 2016-09-27","sites/streamwebs.org/files/images/imnaha_river_upper_end_us_view_09272016.jpg"
"36366","5420","Tue, 2016-09-27","sites/streamwebs.org/files/images/imnaha_river_upper_end_ds_view_09272016.jpg"
"36421","2708","Wed, 2016-09-28","sites/streamwebs.org/files/images/wenaha_lower_end_ds_view_09282016.jpg"
"36426","5436","Wed, 2016-09-28","sites/streamwebs.org/files/images/wenaha_lower_end_us_view_09282016.jpg"
"36431","5441","Wed, 2016-09-28","sites/streamwebs.org/files/images/wenaha_upper_end_downstream_view_09282016.jpg"
"36436","5444","Wed, 2016-09-28","sites/streamwebs.org/files/images/wenaha_upper_end_upstream_view_09282016.jpg"
"36441","5369","Wed, 2016-09-28","sites/streamwebs.org/files/images/grande_ronde_lower_end_us_view_09282016.jpg"
"36446","5369","Mon, 2015-09-28","sites/streamwebs.org/files/images/grande_ronde_lower_end_upstream_09282015.jpg"
"36451","5371","Mon, 2015-09-28","sites/streamwebs.org/files/images/grande_ronde_lower_end_dowstream_9282015.jpg"
"36456","5371","Wed, 2016-09-28","sites/streamwebs.org/files/images/grande_ronde_lower_end_downstream_view_09282016.jpg"
"36461","5375","Wed, 2016-09-28","sites/streamwebs.org/files/images/grand_ronde_wet_upper_end_upstream_view_09282016.jpg"
"36466","5378","Wed, 2016-09-28","sites/streamwebs.org/files/images/grande_ronde_wet_upper_end_downstream_view_09282016.jpg"
"36501","5267","Tue, 2016-10-04","sites/streamwebs.org/files/images/wet_wallowa_hi_wallowa_r_ds_view_upper_end_10-4-2016.jpg"
"36506","5273","Tue, 2016-10-04","sites/streamwebs.org/files/images/wet_wallowa_hi_wallowa_r_us_view_upper_end_10-4-2016.jpg"
"36511","5280","Tue, 2016-10-04","sites/streamwebs.org/files/images/wet_wallowa_hi_wallowa_r_ds_view_lower_end_survey_10-4-2016.jpg"
"36516","5286","Tue, 2016-10-04","sites/streamwebs.org/files/images/wet_wallowa_hi_wallowa_r_us_view_lower_end_survey_10-4-2016.jpg"
"36521","5295","Tue, 2016-10-04","sites/streamwebs.org/files/images/wallowa_hi_wet_bear_crk_us_bridge_upper_survey_10-42016.jpg"
"36526","5301","Tue, 2016-10-04","sites/streamwebs.org/files/images/wallowa_hi_wet_beark_crk_view_ds_bride_10042016.jpg"
"36531","5306","Tue, 2016-10-04","sites/streamwebs.org/files/images/wallowa_hi_wet_bear_crk_view_us_lower_end_survey_10042016.jpg"
"36536","5310","Tue, 2016-10-04","sites/streamwebs.org/files/images/wallowa_hi_wet_bear_crk_ds_view_from_lower_end_survey_10-4-2016.jpg"
"37156","4492","Thu, 2016-10-13","sites/streamwebs.org/files/images/wet_ent_6th_prairie_ck_ds_view_lower_end_survey_10132016.jpg"
"37161","4497","Thu, 2016-10-13","sites/streamwebs.org/files/images/wet_ent_6th_prairie_ck_lower_end_us_view_10132016.jpg"
"37166","4505","Thu, 2016-10-13","sites/streamwebs.org/files/images/wet_ent_6th_prairie_ck_ds_view_upper_end_10162016.jpg"
"37171","4511","Thu, 2016-10-13","sites/streamwebs.org/files/images/wet_ent_6th_prairie_ck_us_view_upper_end_10132016.jpg"
"37176","5031","Thu, 2016-10-13","sites/streamwebs.org/files/images/wet_ent_6th_wallowa_r_ds_view_upper_end_survey_10132016.jpg"
"37181","5032","Thu, 2016-10-13","sites/streamwebs.org/files/images/wet_ent_6th_wallowa_r_us_view_upper_end_survey_10132016.jpg"
"37186","5034","Thu, 2016-10-13","sites/streamwebs.org/files/images/wet_ent_6th_wallowa_r_us_view_lower_end_survey_10132016.jpg"
"37191","5035","Thu, 2016-10-13","sites/streamwebs.org/files/images/wet_ent_6th_wallowa_r_ds_view_lower_end_survey_10132016.jpg"
"37541","3370","Wed, 2016-10-19","sites/streamwebs.org/files/images/johi_wet_wallowa_r_ds_view_lower_end_survey_10192016.jpg"
"37546","3372","Wed, 2016-10-19","sites/streamwebs.org/files/images/johi_wet_wallowa_r_us_view_lowr_end_survey_10192016.jpg"
"37551","3376","Wed, 2016-10-19","sites/streamwebs.org/files/images/johi_wet_wallowa_r_ds_view_upper_end_sruvey_10192016.jpg"
"37556","3380","Wed, 2016-10-19","sites/streamwebs.org/files/images/johi_wet_wallowa_r_us_view_upper_end_survey_10192016.jpg"
"37561","3394","Wed, 2016-10-19","sites/streamwebs.org/files/images/johi_wet_prairiecrk_us_view_lower_end_survey_10192016.jpg"
"37566","3397","Wed, 2016-10-19","sites/streamwebs.org/files/images/johi_wet_prairiecrk_ds_view_lower_end_survey_10192016.jpg"
"37571","3400","Wed, 2016-10-19","sites/streamwebs.org/files/images/johi_wet_ds_view_upper_end_survey_10192016.jpg"
"37576","3593","Wed, 2016-10-19","sites/streamwebs.org/files/images/johi_wet_us_view_upper_end_survey_10192016.jpg"
"38076","6654","Wed, 2016-10-26","sites/streamwebs.org/files/images/lostine_river_lower_end_ds_view_10262016.jpg"
"38081","6656","Wed, 2016-10-26","sites/streamwebs.org/files/images/lostine_river_lower_end_us_view_10262016.jpg"
"38086","6659","Wed, 2016-10-26","sites/streamwebs.org/files/images/lostine_river_upper_end_us_view_10262016.jpg"
"38091","6661","Wed, 2016-10-26","sites/streamwebs.org/files/images/lostine_river_upper_end_ds_view_10262016.jpg"
"38331","6632","Wed, 2016-10-26","sites/streamwebs.org/files/images/wallowa_river_upper_end_ds_view_10262016.jpg"
"38336","6634","Wed, 2016-10-26","sites/streamwebs.org/files/images/wallowa_river_upper_us_view_10262016.jpg"
"38341","6637","Wed, 2016-10-26","sites/streamwebs.org/files/images/wallowa_river_low_er_end_ds_view_10262016.jpg"
"38346","6639","Wed, 2016-10-26","sites/streamwebs.org/files/images/wallowa_river_lower_end_us_view_10262016.jpg"
"41621","12346","Tue, 2017-05-30","sites/streamwebs.org/files/images/1.jpg"
"41626","12351","Tue, 2017-05-30","sites/streamwebs.org/files/images/2.jpg"
"41631","12356","Tue, 2017-05-30","sites/streamwebs.org/files/images/3.jpg"
