"Site Name","Image"
"Adams Outdoor School","sites/streamwebs.org/files/images/site/adams.jpg"
"Agate Beach","sites/streamwebs.org/files/images/site/hammock-at-the-edge-of-the-world-may-2014.jpg"
"Amazon Creek & Fox Hollow","sites/streamwebs.org/files/images/site/photo.jpg"
"Amazon Creek @ Frank Kinney Park","sites/streamwebs.org/files/images/site/img_0443.jpg"
"Amazon Headwaters - Martin Street trail","sites/streamwebs.org/files/images/site/img_0121.jpg"
"Arrah Wanna Outdoor School","sites/streamwebs.org/files/images/site/arrah_wanna.jpg"
"Ash Creek at Talmadge MS","sites/streamwebs.org/files/images/site/ash_creek.jpg"
"Bald Hill Farm- Mulkey Creek","sites/streamwebs.org/files/images/site/mulkey_creek_trail.png"
"Bear Creek","sites/streamwebs.org/files/images/site/bear_creek_fall_08-_cs_004.jpg"
"Beaver Creek SNA Site 1","sites/streamwebs.org/files/images/site/201102_beavercreek_1.jpg"
"Beaver Creek SNA Site 2","sites/streamwebs.org/files/images/site/index.jpg"
"Beverly Beach","sites/streamwebs.org/files/images/site/splitting-headache.jpg"
"Blair Creek","sites/streamwebs.org/files/images/site/sonomacreek.jpg"
"Bottom Creek StreamBank Instream Wood","sites/streamwebs.org/files/images/site/bottom_bridge_resized.jpg"
"Brice Creek West Trailhead","sites/streamwebs.org/files/images/site/brice_mosby_creek_macro_nw_table_green_109.jpg"
"Camco, Inc. Restoration Project","sites/streamwebs.org/files/images/site/c01_7.jpg"
"Camp Creek","sites/streamwebs.org/files/images/site/oct_20_2008_008.jpg"
"Cave Creek (Lower/Covered Bridge)","sites/streamwebs.org/files/images/site/coveredbridge.jpg"
"Cave Creek (Upper)","sites/streamwebs.org/files/images/site/cave_creek_upper.jpg"
"Cave Entrance","sites/streamwebs.org/files/images/site/cave_entrance.jpg"
"CEC: Brown's Ferry Park","sites/streamwebs.org/files/images/site/feb_10_110.jpg"
"Clear Creek","sites/streamwebs.org/files/images/site/dsc_5471.jpg"
"Confluence of Battle Ax & Opal Creeks","sites/streamwebs.org/files/images/site/above_opal_pool-_randy_craig.jpg"
"Eagle Fern Park","sites/streamwebs.org/files/images/site/eaglefern_16.jpg"
"Enterprise City Park","sites/streamwebs.org/files/images/site/enterprise_fall_08_006.jpg"
"Enterprise Marr Pond Site","sites/streamwebs.org/files/images/site/photo_point_-_wet_wallowa_r_view_ds_from_upperend_survey_4-8-2008_022.jpg"
"Evergreen Elementary School Bioswale","sites/streamwebs.org/files/images/site/img_20131203_154026_744.jpg"
"Grande Ronde River","sites/streamwebs.org/files/images/site/wet.troy_school.10052010_001.jpg"
"Greasy Creek","sites/streamwebs.org/files/images/site/greasy_creek.jpg"
"High Lakes","sites/streamwebs.org/files/images/site/image294.jpg"
"HMSC Training Stream","sites/streamwebs.org/files/images/site/img_7422.jpg"
"Hoover's Dixon Creek Water Quality","sites/streamwebs.org/files/images/site/dixonathoover.jpg"
"Howard Outdoor School","sites/streamwebs.org/files/images/site/howard.jpg"
"Humbug Creek - Camp 18","sites/streamwebs.org/files/images/site/humbug_07.jpg"
"Imnaha River","sites/streamwebs.org/files/images/site/imnaha_fall_08_-_cs_012.jpg"
"Johnson Creek - NUHS","sites/streamwebs.org/files/images/site/johnson-creek-flood.jpg"
"Joseph City Park","sites/streamwebs.org/files/images/site/april_22.09_048.jpg"
"Joseph Prairie Creek","sites/streamwebs.org/files/images/site/october_1_2008_042.jpg"
"Knowles Creek Trip 5/17","sites/streamwebs.org/files/images/site/12_k_cr_20170519_091400_kc.jpg"
"LHS River Restoration Association; Had Irvine Park","sites/streamwebs.org/files/images/site/site_map.jpg"
"Lostine River Wolfe Ranch","sites/streamwebs.org/files/images/site/lostine_river_lower_end_ds_view_10212014.jpg"
"Lotus Isle Cove","sites/streamwebs.org/files/images/site/islandcove.jpg"
"Marys River","sites/streamwebs.org/files/images/site/marys_river.jpg"
"Matson Creek MWS Youth Program","sites/streamwebs.org/files/images/site/matson_creek_cleanup_013.jpg"
"Mingus Park","sites/streamwebs.org/files/images/site/night_at_mingus_017.jpg"
"Munsel Creek 18th St.","sites/streamwebs.org/files/images/site/photo_2.jpg"
"Namanu Outdoor School","sites/streamwebs.org/files/images/site/namanu.jpg"
"OC Brown Park - North Fork Deer Creek","sites/streamwebs.org/files/images/site/oc_brown_may_2016.jpg"
"OR Coast Aquarium","sites/streamwebs.org/files/images/site/oregon-coast-aquarium-shark-tube.jpg"
"Oregon 4-H Center","sites/streamwebs.org/files/images/site/566_oregon4hsign.jpg"
"Owyhee River, 8 miles below Owyhee Dam","sites/streamwebs.org/files/images/site/summer_2012_036.jpg"
"Pawn Trail Trip 5/17","sites/streamwebs.org/files/images/site/18_20170519_110904_pawn_1.jpg"
"Pony Creek MWS Youth Program","sites/streamwebs.org/files/images/site/cimg0043.jpg"
"Ramona Falls","sites/streamwebs.org/files/images/site/mariposa.jpg"
"REALMS Tumalo Creek Study Site","sites/streamwebs.org/files/images/site/100_0622_0.JPG"
"Reed Canyon","sites/streamwebs.org/files/images/site/215310_10150151507163335_4216609_n.jpg"
"River Restoration Association/Springbank Farm Survey","sites/streamwebs.org/files/images/site/dscn2386.jpg"
"Roaring Fork River Aspen, CO","sites/streamwebs.org/files/images/site/img_1835.jpg"
"Ryan Meadow Student Stewardship Projects","sites/streamwebs.org/files/images/site/img_8218.jpg"
"salmon river","sites/streamwebs.org/files/images/site/oneonta-gorge-waterfall.jpg"
"Salmon River #2","sites/streamwebs.org/files/images/site/dscf2181_0.jpg"
"Sandy HS AP Environmental Science","sites/streamwebs.org/files/images/site/pa191013.jpg"
"Sandy River Outdoor School","sites/streamwebs.org/files/images/site/sandy_river_0.jpg"
"Schooner Creek Restoration Large Wood Placement #8","sites/streamwebs.org/files/images/site/p1010717.jpg"
"SE Belmont","sites/streamwebs.org/files/images/site/20141226_135032.jpg"
"Seagrass Bed- HMSC","sites/streamwebs.org/files/images/site/img_2773.jpg"
"SHHS Biology Field Day","sites/streamwebs.org/files/images/site/dscn2713.jpg"
"Spitting Stone (Inside Cave)","sites/streamwebs.org/files/images/site/spitting_stone.jpg"
"Tenino Court Site","sites/streamwebs.org/files/images/site/cwa_139.jpg"
"Thompson's Mills State Heritage Site","sites/streamwebs.org/files/images/site/2.jpg"
"Toledo Elementary Stream","sites/streamwebs.org/files/images/site/toledo_elementary_stream.jpg"
"Tryon Creek - 1","sites/streamwebs.org/files/images/site/nuhs_tryon_creek.jpg"
"Tumalo Creek (REALMS Shevlin Park)","sites/streamwebs.org/files/images/site/DSCF2492.JPG"
"Viking Creek 9th St.","sites/streamwebs.org/files/images/site/photo_1.jpg"
"Viking Creek Rhody Dr","sites/streamwebs.org/files/images/site/vc_outlet_20170519_133625_vc_outlet.jpg"
"Viking Creek SHS","sites/streamwebs.org/files/images/site/img953910.jpg"
"Wallowa River Tamkaliks Site","sites/streamwebs.org/files/images/site/wallowa_river_fall_08-_cs_002.jpg"
"Wallowa River Wolfe Ranch","sites/streamwebs.org/files/images/site/wallowa_river_upper_end_ds_view_10212014.jpg"
"Wells Creek","sites/streamwebs.org/files/images/site/wells_creek.jpg"
"Wenaha River","sites/streamwebs.org/files/images/site/wet.troy_school.10052010_003.jpg"
"West Olalla Creek","sites/streamwebs.org/files/images/site/img_0020.jpg"
"Whalen Island","sites/streamwebs.org/files/images/site/562562_10200548649451299_588989842_n.jpg"
"Whychus Creek","sites/streamwebs.org/files/images/site/IMG_2125.JPG"
"WREN Camp Creek Site A","sites/streamwebs.org/files/images/site/wren_05092014-6495.jpg"
"WREN Camp Creek Site B","sites/streamwebs.org/files/images/site/wren_05092014-6490.jpg"
"Zigzag River","sites/streamwebs.org/files/images/site/zigzag_river.jpg"
